,tot_pixels,tot_diameter,mean_demand,mean_entropy,is_created_for_rplace,community_size,survived,manually_labeled
linux,3264.0,68.0,29.349749058971142,1.4030261559734438,False,334458,True,True
switzerland,2708.048,68.05799999999999,25.03434684555388,1.7906722565558688,False,19280,True,True
monalisaclan,15073.999999999998,148.993,11.236054918087152,1.0906031250756505,True,680,True,True
dwarffortress,3998.69725,217.11900000000003,14.498894091382887,1.7878859397714775,False,71206,True,True
leagueoflegends,7114.5,179.0,26.44814822921282,1.6078510805825759,False,1963413,True,True
archlinux,1628.0,80.0,14.850737100737101,0.8984708290675132,False,66248,True,True
latvia,912.0,72.0,6.133249517773491,0.7269244635142476,False,13520,True,True
lithuania,967.5,82.0,5.290101777144966,1.1956056471513785,False,23109,True,True
lego,506.0,23.0,4.29100790513834,0.7461369994700925,False,380077,True,True
denmark,8045.8038750000005,324.18899999999996,24.73967658794814,1.0061034058247649,False,100891,True,True
romania,2512.9215,195.532,14.841005948069945,1.4012263942311252,False,80661,True,True
homestarrunner,1020.0,34.0,5.8882352941176475,1.216091892478065,False,29189,True,True
unitedkingdom,7910.96,217.673,26.240958296915025,1.5373579381299687,False,211943,True,True
italy,5352.93975,243.693,14.645710281463238,1.53450876933254,False,124626,True,True
ukraine,1752.5159999999998,86.186,22.4779234965433,1.2657335815971398,False,9578,True,True
empiredidnothingwrong,1594.5,45.0,10.739269698910954,0.6929489617503333,False,315543,True,True
factorio,2193.4235000000003,179.61399999999998,13.540088679340876,1.4742664440266404,False,102913,True,True
ethereum,1062.5,54.0,9.282250242483027,0.8565885754702007,False,401322,True,True
europe,4830.0,106.50399999999999,51.97660455486543,0.5371935880522509,False,1861628,True,True
de,16321.122000000001,506.843,17.149283845710755,1.201867374514934,False,137700,True,True
france,11297.555249999998,307.465,17.082518774445468,1.63924605052955,False,221548,True,True
starryknights,7830.0,90.0,18.11123882503193,2.088605787010739,True,285,True,True
brasil,3954.944,218.696,28.735570685503557,1.4269002583486279,False,192531,True,True
southafrica,713.0,31.0,17.075736325385694,1.6741572144324617,False,54600,True,True
argentina,2587.3199999999997,128.324,26.617241810517168,1.1576990899002844,False,75009,True,True
suomi,13809.106,281.928,17.289814632075704,1.3496796712783201,False,87563,True,True
belgium,5744.135,118.678,16.58553461825542,1.2350797266204054,False,68686,True,True
bitcoin,1442.0,52.0,28.81998330735336,0.9319269388475708,False,966390,True,True
vim,484.0,22.0,17.822314049586776,1.4605076158560961,False,60003,True,True
rickandmorty,2317.0112499999996,76.89,24.47742413027387,1.6409758303502833,False,970864,True,True
haskell,630.0,35.0,10.674603174603174,1.0975187303024183,False,35649,True,True
rust,786.5,67.0,5.088904154242506,1.079110414528179,False,44889,True,True
mozilla,195.0,30.0,4.7407407407407405,0.669429493054974,False,2498,True,True
hongkong,852.5,31.0,6.442080378250591,1.0082525228328736,False,57962,True,True
codegolf,327.0,21.0,6.058103975535168,0.9021173482278997,False,1620,True,True
eesti,3178.6895,121.52600000000001,27.949397153377756,1.3714285484156872,False,18223,True,True
india,4514.375,81.97,20.634995277583783,1.3321509926449784,False,157738,True,True
japan,1158.0,56.54,18.68347436301293,0.9374699758724622,False,140951,True,True
tokyo,320.112,19.152,9.234338747099768,0.6397639689312804,False,22306,True,True
polandball,1096.9875,47.46,13.902040816326531,1.357204476038529,False,434137,True,True
sweden,20857.430500000002,604.306,18.898406850586436,1.1366369785816341,False,219376,True,True
thenetherlands,32167.69550000001,758.928,12.785136974064319,1.6366520599662775,False,226953,True,True
czech,2249.7645,69.0,17.373901965481743,1.220471909883228,False,8054,True,True
thailand,1075.804,45.604,8.952446209423655,1.3052428755774799,False,23109,True,True
zootopia,1302.5,39.0,12.859934853420196,1.6884628995377118,False,12280,True,True
greece,805.41475,44.660000000000004,43.265743063937435,1.224673847219839,False,43448,True,True
turkey,739.991,42.976,53.713387400141315,0.7474296475490199,False,36374,True,True
chile,1990.455,91.685,14.908814191381452,1.1940988735698235,False,39767,True,True
scotland,3518.0665,205.562,14.882633545250563,1.3978752682117919,False,57745,True,True
placestart,10093.92,389.693,21.889217842377608,1.3307020855633778,True,1600,True,True
canada,7753.1435,332.69000000000005,33.9245006051147,1.2712075156401133,False,418325,True,True
thebeatles,923.0,53.0,13.993471164309032,1.7393829337900641,False,6453,True,True
pcmasterrace,1503.716,80.028,62.58759026564617,1.2291444872156827,False,1803035,True,True
soylent,360.0,36.0,21.886111111111113,0.6384222399811648,False,32497,True,True
placehearts,18287.634,466.54999999999995,12.802481611528114,1.9179600977566196,True,817,True,True
wales,1606.625,98.574,14.661229491621643,1.4237952867234953,False,9664,True,True
starbound,1652.0,70.0,12.34866828087167,0.7899029412544154,False,74941,True,True
croatia,3057.0,100.0,8.16629407378086,1.3223058452304326,False,38837,True,True
yumenikki,418.60799999999995,25.325999999999997,13.907407407407407,2.1386638573389956,False,2443,True,True
thefarleftside,7366.929250000001,259.295,54.72157077963912,1.3532147045292642,True,1881,True,True
oneshot,629.0,29.0,10.281150159744408,1.912772297519204,False,2703,True,True
trees,823.0,47.0,60.90528905289053,1.4246500970651002,False,1221520,True,True
cactusmccoy,21.5,11.0,9.095238095238095,0.5670609309552819,False,50,True,True
2007scape,14516.6325,471.575,21.825076006478504,0.7556163201929055,False,258034,True,True
skyrim,1786.5,64.0,11.892497200447929,1.3751549174233155,False,548348,True,True
prequelmemes,21653.0,188.0,12.90966458557687,0.7946094516481278,False,750506,True,True
peru,650.0,26.0,11.376923076923077,1.233518006561978,False,17181,True,True
neu,163.0,14.0,80.30674846625767,1.0883915021002948,False,6232,True,True
mindcrack,696.0,61.0,7.75287356321839,1.0087697746219455,False,41740,True,True
onepiece,4225.916499999999,124.55,16.445363925980605,1.0100817942521885,False,209160,True,True
toolband,764.5,41.0,8.664914586070958,1.5674665286080458,False,40453,True,True
dota2,5636.0,143.0,19.617303689763244,0.6705557768102346,False,479534,True,True
minecraft,951.5,140.0,14.066141355983046,1.5598648583120138,False,808612,True,True
criticalrole,568.0,71.0,11.110915492957746,0.7407865551671015,False,95666,True,True
tagpro,3132.5,169.0,15.773010035750154,1.3956486305415963,False,11429,True,True
placesnek,3127.1299999999997,214.54399999999998,17.934284116331096,1.5399471160904663,True,129,True,True
elitedangerous,1270.75,64.0,18.836722999314723,0.5953608024310464,False,136270,True,True
touhou,8456.327,314.648,11.779930859002528,1.8140304009690524,False,23366,True,True
taiwan,367.5,31.0,13.765242073437562,1.2395349140582401,False,21653,True,True
kilian,338.0,29.0,8.407738095238095,1.3388763379817517,False,13806,True,True
osugame,6421.776,106.03999999999999,83.15986406088994,0.9856086100733148,False,75237,True,True
riodejaneiro,385.5,43.0,16.277486910994764,1.1123963407782678,False,1530,True,True
lost,400.0,50.0,7.879177377892031,0.8512324138964419,False,47202,True,True
stardustcrusaders,482.03524999999996,45.928,9.769332351948275,1.2071271264187258,False,74896,True,True
grancolombia,2056.212,64.96000000000001,11.57423887587822,1.443906702054803,True,71,True,True
pokemon,9151.298999999999,589.332,10.10321719917641,1.7768536754628534,False,1180851,True,True
telegram,359.0,21.0,8.24929178470255,0.8737694209326741,False,25170,True,True
udub,273.5,17.0,14.856617647058824,0.6331904019624174,False,10605,True,True
utahjazz,588.0,28.0,9.53833049403748,1.5200070337243603,False,17132,True,True
ethoslab,81.0,9.0,5.888888888888889,1.409419715289183,False,9590,True,True
starcitizen,1237.5,69.0,14.265336289726534,1.2198519235383865,False,133444,True,True
crusaderkings,3614.6325,108.656,23.164890836889356,1.6340363642319065,False,104460,True,True
eagles,1564.0,103.0,25.948143405889883,1.1704629387416974,False,123707,True,True
liquicity,537.726,23.212,14.139455782312925,1.2411177782584577,False,1151,True,True
ripcity,1329.621,35.112,15.295172413793104,1.1996891001950916,False,16450,True,True
stardewvalley,832.41825,53.620000000000005,8.408031600691082,1.4888698572748147,False,233420,True,True
indieheads,1393.5,54.0,14.402269113325548,1.2525982058971823,False,494069,True,True
placetardis,737.992,58.534,15.738631569144893,1.439475214383727,True,33,True,True
torontoraptors,666.5,29.0,10.806306306306306,0.9620350183079185,False,57213,True,True
nlsscirclejerk,846.0,59.0,10.790791448453051,1.3088064546654423,False,33530,True,True
heroesofthestorm,3610.5,117.0,17.89877300613497,1.5191281386339768,False,204118,True,True
asktransgender,11668.951,705.076,21.709813463098136,1.780529376476624,False,75351,True,True
sbu,244.0,21.0,5.229508196721311,0.6928448120019739,False,4186,True,True
portugal,3749.9240000000004,149.60399999999998,14.930540937113845,1.9179900951478865,False,48208,True,True
fullcommunism,764.4324999999999,4.902,19.763740185581728,1.0287054502739998,False,0,True,True
yuyuyu,192.5,30.94,11.161458333333334,1.2716377254272422,False,830,True,True
babymetal,2580.5,59.0,17.993023255813952,1.2069948665661465,False,16883,True,True
purplepixels,171.749,3.024,50.8734473456318,1.4662130988127666,True,234,True,True
smashbros,8611.908000000001,474.051,10.536057502805654,1.728395618672877,False,379568,True,True
lovelive,1043.377125,12.443999999999999,5.647083508182963,0.8469799229127368,False,24679,True,True
schoolidolfestival,1205.377125,30.444,5.716084711166934,0.907701119310352,False,29374,True,True
kirby,448.318,31.528,13.543229788470889,1.337303949119581,False,18634,True,True
mylittlepony,3757.063,153.57999999999998,36.330958730280145,1.677269553037641,False,72241,True,True
masseffect,1725.0,93.0,12.380869565217392,1.4713975739437366,False,158189,True,True
unregisteredhypercam2,1250.0,91.25,33.8368,0.6279631951051543,False,20,True,True
harrypotter,790.0245,1.3760000000000001,10.24060751398881,1.770839497837927,False,513681,True,True
samuraijack,1092.0,39.0,12.610805860805861,0.9861257522013721,False,27084,True,True
madokamagica,7627.148,257.84299999999996,8.277588389582066,1.908209113910955,False,11238,True,True
kerbalspaceprogram,589.53125,35.0,10.42854612919548,1.8086962672131175,False,418016,True,True
redditores,126.503,1.144,12.326446280991735,0.8791692004800603,False,4169,True,True
parahumans,4515.38875,161.89700000000002,10.602238908411929,1.3114583091274836,False,14219,True,True
bindingofisaac,1072.5,42.0,23.653882132834426,1.5943046207816458,False,113161,True,True
theb1g,952.104,45.08,23.645656991313025,1.569986869189251,False,6307,True,True
habs,782.3889999999999,39.922000000000004,10.9708310470249,1.147215016574661,False,22136,True,True
ssbpm,678.0,33.0,17.52437223042836,1.1680001729930054,False,27200,True,True
loliconsunite,380.0,34.0,23.236842105263158,0.7114161665479903,,0,True,True
natsume,349.5905,5.279999999999999,5.602631578947369,1.3184415814709163,False,568,True,True
calvinandhobbes,828.0,46.0,12.759708737864077,1.3436194865779996,False,431365,True,True
onepunchman,1127.5,47.0,12.271671134941913,1.8697680111870023,False,115480,True,True
radiohead,3774.0,102.0,9.693578470556888,1.507093555917918,False,137681,True,True
quebec,1929.5,121.41,16.147670481684735,1.0678250565469456,False,31438,True,True
ultrahardcore,388.0,41.0,8.749354005167959,1.154355230455529,False,8024,True,True
superman,338.0,28.0,9.281609195402298,0.9906647158252775,False,19681,True,True
batman,117.5,22.0,14.771186440677965,0.6415607646393859,False,213296,True,True
flashtv,177.5,18.0,11.645714285714286,1.3680526696052056,False,120561,True,True
h3h3productions,412.116,21.358999999999998,13.344969199178644,1.7277726582785857,False,381959,True,True
kamenrider,167.92874999999998,19.887,7.819767441860465,1.4813024426853478,False,7530,True,True
globaloffensive,2462.0,57.0,28.651502843216896,1.2864079881502395,False,685163,True,True
luciomains,1752.0,63.0,10.085959885386819,1.7598169216683983,False,9832,True,True
cavestory,1127.5,50.0,10.942238267148014,1.7877980136915765,False,3058,True,True
tinytardis,273.0,39.0,12.267399267399266,0.9753821353898529,True,78,True,True
starcraft,1758.0,55.0,10.268613974799543,1.8567665380537286,False,213012,True,True
nascar,800.0,50.0,14.57625,1.4902909559983055,False,168166,True,True
naruto,2086.56,44.736000000000004,11.875,0.8839816953613506,False,183989,True,True
gatech,2032.0,70.0,12.944471744471745,1.2767440944526527,False,16562,True,True
lakers,1091.0,40.0,11.182320441988951,0.7290240336415772,False,88490,True,True
ice_poseidon,1442.839,33.385,6.040807740849811,0.9123562614759516,False,0,True,True
heyyea,4839.0,158.0,15.442089633520688,1.5507675766186015,True,244,True,True
korea,594.035,36.876,16.8480034091589,0.9162491201078741,False,60956,True,True
bangtan,708.5,70.0,10.148316404660479,0.9012710004805021,False,39657,True,True
nctsm,40.0,10.0,6.475,1.3533763335818898,False,469,True,True
crystalclear,44.0,11.0,4.238095238095238,1.0986122886681096,False,748,True,True
aceofangels8,176.0,22.0,6.948571428571428,0.6911703674153908,False,3498,True,True
fxkorea,90.0,18.0,5.802469135802469,0.6653781224447001,False,1159,True,True
seventeen,11.5,4.0,9.0,0.0,False,3122,True,True
ss13,1340.0,82.0,10.23619056849334,1.8758920166999433,False,11583,True,True
spelunky,336.0,19.0,2.446107784431138,1.6445151502788269,False,7632,True,True
spacex,4952.328,269.786,13.679308737400966,1.6550619066589078,False,278349,True,True
anarchism,726.0,50.0,27.61570247933884,1.2241222260333753,False,107698,True,True
ainbowroad,42749.55800000002,780.956,12.529761001480143,2.5537486011523782,True,4464,True,True
thebutton,735.0,49.0,12.205442176870749,1.228488120085742,False,130000,True,True
monsterhunter,3204.0,67.0,9.030596315953794,1.9625976694401888,False,251989,True,True
hearthstone,606.0,25.0,9.568627450980392,1.7514867207070792,False,880405,True,True
monstercat,2503.0,79.0,6.46991326144667,1.1588550898645416,False,38829,True,True
frc,554.7815,30.377000000000002,8.905873109336834,0.5989596721147769,False,16536,True,True
ftc,435.78150000000005,13.377,7.028324154209284,0.762519164616543,False,4708,True,True
twitchplayspokemon,1449.0,71.0,42.93205639931433,1.6170365907116766,False,43420,True,True
england,240.0,20.0,15.445833333333333,0.9662061789702494,False,8637,True,True
ireland,10117.320499999998,249.785,15.257487264551667,1.8329233633825845,False,180851,True,True
philippines,2855.5102500000003,143.54000000000002,16.395020247941048,1.5224278208093138,False,171022,True,True
straya,12880.3275,132.257,11.166440690638648,1.7537954830373979,False,40392,True,True
wildhockey,767.5,44.0,27.607378129117258,1.3110143987206855,False,18305,True,True
bostonbruins,1336.0,42.0,18.77719821162444,1.3285812278443592,False,27183,True,True
hawks,1224.0,46.0,11.090909090909092,1.476755263660611,False,38592,True,True
fireemblem,4644.5,113.0,10.193756727664155,2.187981476536928,False,87451,True,True
buffalo,217.58800000000002,20.352,16.835205992509362,1.1411052268067778,False,15064,True,True
anilist,503.0,26.0,8.20675944333996,1.4498794584068664,False,293,True,True
xcom,1435.104,59.796,11.495274102079396,0.8811287702318849,False,64056,True,True
rocketleague,7599.0,256.0,14.131469893497815,1.2972849760612253,False,438867,True,True
overwatch,3163.5465,119.93299999999999,16.274286252178587,1.7365946977820832,False,1535413,True,True
nbaspurs,387.25399999999996,27.433999999999997,7.813131313131313,1.2947528606107932,False,26068,True,True
bostonceltics,637.0,30.0,19.34433962264151,0.8647856972161719,False,63533,True,True
sixers,1140.0,38.0,11.73080317740512,1.3361812808511897,False,45887,True,True
drumcorps,361.5,24.0,17.502762430939228,0.7927536956207044,False,16785,True,True
cloud9,492.0,29.0,11.004065040650406,1.4755004439559953,False,22375,True,True
buffalobills,733.5,44.0,7.794078061911171,1.1772703445682007,False,22610,True,True
day9,340.0,34.0,32.832352941176474,0.6877442458725131,False,9205,True,True
flyers,260.0,20.0,8.765384615384615,0.797905763600203,False,23868,True,True
tampabaylightning,761.0,38.0,14.482260183968462,1.238190864719006,False,14013,True,True
leafs,1581.5,46.0,13.867600254614896,1.0262284051974946,False,57593,True,True
truestl,1625.5,56.0,7.744759556103576,1.6128851835526798,False,18238,True,True
hatsune,826.0,30.0,11.25181598062954,1.5610985682042609,False,3871,True,True
pathofexile,2844.0,80.0,10.522792022792023,1.913658788182154,False,183674,True,True
nin,445.59900000000005,30.657,11.006912442396313,0.6882080876936177,False,19382,True,True
davidbowie,901.3875,0.0,24.5527950310559,1.432315263319735,False,12814,True,True
konosuba,563.49025,33.239999999999995,26.378688524590164,1.8900322835570367,False,30268,True,True
britishcolumbia,135.0,15.0,8.829629629629629,1.381557853847809,False,18294,True,True
greenlattice,12533.998000000001,292.925,16.581064842693785,0.8350086295440299,True,2452,True,True
ubreddit,152.5,14.0,7.860927152317881,0.6365141682948128,False,4379,True,True
buffalowizards,929.5,47.0,5.445043103448276,1.6660007449350271,False,0,True,True
homestuck,2166.3655,70.134,10.516727558512105,1.9604107058754154,False,32047,True,True
cowchop,2647.5,60.0,8.553335846211835,0.934303607884442,False,63417,True,True
scottpilgrim,761.5,36.0,8.259501965923985,1.6766343353501172,False,13840,True,True
rollingstones,1540.0,54.0,7.229411764705882,1.034195983938363,False,2586,True,True
detroitlions,422.0,27.0,5.613744075829384,1.3889134494231958,False,36147,True,True
relientk,84.0,14.0,9.55952380952381,1.4129872957261356,False,1269,True,True
spongebob,759.5,49.0,11.649478863831852,1.40921652616651,False,50940,True,True
warframe,336.0,24.0,18.651785714285715,0.9382527863789814,False,237087,True,True
goodboye,1930.0,39.856,16.74559585492228,1.647264654169735,True,3900,True,True
stevenuniverse,2044.74,144.263,16.198388149307444,1.8865244587761807,False,147576,True,True
dofus,298.5,23.0,4.922033898305084,0.9961647152228412,False,3364,True,True
zelda,3249.0425,160.924,11.701081018055408,1.764188145710406,False,590229,True,True
stlouisblues,1752.5,64.0,16.56492027334852,0.783370789814172,False,13638,True,True
metisnation,104.0,13.0,15.932692307692308,0.9540071364706184,False,235,True,True
daftpunk,465.41925000000003,21.57,12.3271719038817,1.92047085474145,False,49536,True,True
forsen,1519.66975,59.029,21.495511170968545,1.6094229141013079,False,22445,True,True
redpandas,336.0,21.0,3.5253731343283583,1.481360940091956,False,44758,True,True
achievement_hunter,599.0,28.0,21.641638225255974,1.0428774262924145,False,25834,True,True
texastech,49.0,8.0,20.20408163265306,1.1448779822200135,False,4965,True,True
reddevils,2370.0,54.0,16.777261200338124,0.8117068466483441,False,116660,True,True
oneplus,63.988,7.938,12.338235294117647,0.9185114024063005,False,96915,True,True
formula1,1282.5,100.0,11.949776783301445,1.208608113231213,False,463295,True,True
polska,2679.8315000000002,77.96000000000001,20.52733826042095,1.0736966828006977,False,91303,True,True
runescape,304.0,18.0,14.262295081967213,1.1732641619402693,False,139293,True,True
undertale,3427.53825,136.848,15.684793211676613,1.4760282011667174,False,81144,True,True
cplusplus,104.5,14.0,15.066037735849056,0.9359842355980449,False,15014,True,True
starvstheforcesofevil,1657.39875,58.944,12.068213503981703,2.236749156542182,False,27790,True,True
amd,1847.5,90.0,45.143727949508126,1.443493285342675,False,150510,True,True
newzealand,3196.0,130.5,13.980890452168657,1.0283960504845828,False,155406,True,True
cologne,503.0,35.0,13.950298210735587,0.35968767700335325,False,2571,True,True
wholesomememes,308.0,28.0,12.146103896103897,1.3024561958682344,False,2240738,True,True
xenoblade_chronicles,624.5,64.0,9.229067930489732,1.2115876205353684,False,36789,True,True
yogscast,335.0,23.0,25.74127906976744,1.4568542694177071,False,82833,True,True
cckufiprfashlewoli0,922.925,35.833999999999996,6.48,1.1155389094505321,,0,True,True
theid,399.0,24.0,5.5910224438902745,2.079377451189685,False,36,True,True
squarespiral,1371.09375,40.25,41.52325581395349,1.0848337030770616,True,348,True,True
rocketbeans,1512.0,61.848,20.8234126984127,1.0557113929889326,False,30749,True,True
thesilphroad,1359.194,110.833,6.885082565804453,0.8235691490403335,False,360621,True,True
chronotrigger,3718.5,90.0,7.838115863562534,2.00046452646633,False,6999,True,True
theblackvoid,3003.9079999999994,66.238,17.378486793762928,0.041980378872129256,True,2800,True,True
montenegro,425.0,25.0,5.583529411764706,1.102650325592358,False,813,True,True
mcgill,461.42575,22.776,8.738396624472573,0.7481231544165299,False,11446,True,True
stargate,76.0,10.0,7.8441558441558445,1.8539409805620592,False,41898,True,True
rotmg,991.2280000000001,38.235,23.391390360992393,1.7039676757060698,False,29846,True,True
nerf,296.69399999999996,35.506,10.229559748427674,1.022345192371126,False,28642,True,True
summit1g,585.0,30.0,38.345299145299144,0.688207299630475,False,6292,True,True
rwby,990.0000000000001,50.655,25.3969696969697,1.1499047030451806,False,73669,True,True
malaysia,990.774,110.539,11.180481450668212,1.3730565670969626,False,27595,True,True
4chan,4062.5,82.0,18.2030519320699,1.9523833061985763,False,940994,True,True
sabres,235.5,25.0,6.412017167381975,0.6466908523040299,False,9570,True,True
cirkeltrek,1967.5,124.0,12.761602085552386,1.6318698060530645,False,25916,True,True
ftlgame,219.765,15.579999999999998,4.4979253112033195,1.5366285610778356,False,40691,True,True
teslamotors,833.5,52.0,52.09747292418773,0.9049752663266786,False,349088,True,True
uruguay,220.0,22.0,14.627272727272727,1.1154895538098073,False,5720,True,True
ontario,204.0,2.4309999999999996,8.602941176470589,0.997896979057116,False,39755,True,True
manitoba,187.0,17.0,53.95187165775401,1.0806241472209641,False,3561,True,True
federationplace,819.34275,59.456,10.203309692671395,1.5307246073634726,True,0,True,True
magictcg,337.5,25.0,7.635014836795253,1.8126796392297484,False,279036,True,True
theexpanse,3526.49025,122.396,4.735667443297378,1.4103224217092174,False,66456,True,True
hellointernet,1350.208,89.57600000000001,12.737598947717684,1.3422141924331694,False,40772,True,True
teamcube,256.0,16.0,9.01171875,0.7749051444125175,True,14,True,True
furry,1611.0,65.0,48.23193000652162,1.5874708547371976,False,61257,True,True
austria,1877.583,60.812,9.04286320701325,1.097376898813609,False,56000,True,True
partyparrot,379.5,26.0,34.574803149606296,1.1340678958505326,False,133640,True,True
canucks,957.5,39.0,8.689804772234273,1.0616703745652138,False,28431,True,True
pinkvomitmonster,998.2845,23.953999999999997,9.770965468639888,1.5121819561124725,True,173,True,True
monero,2268.0,54.0,12.751228226887003,0.9408300063259883,False,146355,True,True
jerma985,558.5,51.0,15.648506151142355,1.5811473879174662,False,15038,True,True
iceland,1095.7134999999998,76.839,24.467174666584917,1.3681723483753805,False,28654,True,True
russiaclan,1020.74,67.04,10.757271709497498,1.2871413385024073,True,0,True,True
dustforce,551.5,31.0,8.333935018050541,1.5169118430711803,False,1325,True,True
thetreesnetwork,306.0,18.0,27.23856209150327,1.0829403990165734,False,3294,True,True
vegan,312.0,39.0,77.53205128205128,0.8337278011146224,False,226177,True,True
eve,2357.8075000000003,164.09500000000003,13.180080994593474,0.7144931459398938,False,101738,True,True
nintendo,2555.176,126.52999999999999,29.603784488790737,1.3407097836239754,False,737384,True,True
necrodancer,1800.0,50.0,9.931666666666667,1.3748444515616596,False,5892,True,True
avoarmy,7872.209000000001,306.192,6.101499065092042,2.249877681147379,True,280,True,True
farmcarrots,667.5,61.0,12.452782947513992,1.393451388264826,True,245,True,True
okami,385.69025,4.590000000000001,24.633663366336634,1.4941348163664914,False,3542,True,True
virginiatech,250.97099999999998,22.512,18.692307692307693,0.9838068822491228,False,11923,True,True
adventuretime,422.065,65.205,31.63364055299539,1.8135849953963321,False,195712,True,True
witcher,794.0,45.0,8.379093198992443,0.7697661525267981,False,254349,True,True
mcgillrobotics,451.0,30.0,8.583148558758316,1.0372097012585162,True,16,True,True
faroeislands,638.1495,48.432,13.83315156409523,1.2790130726268256,False,1952,True,True
albania,936.91,53.091,16.43954470902577,0.7367997817057603,False,8859,True,True
manningplace,1090.8495,27.261,15.824049513704686,1.757884075685062,True,67,True,True
utaustin,315.0,21.0,49.7968253968254,0.8434275959969892,False,17195,True,True
gorillaz,2762.384,80.17,7.266633500516412,1.9297351831900642,False,118242,True,True
austriahungary,339.948,8.376,13.047713717693837,1.4892477270345956,False,1184,True,True
norge,12329.058,315.93,17.16471796530117,1.1177476644649034,False,95077,True,True
chicago,816.0,36.0,18.001231527093594,1.164879421296992,False,125934,True,True
anime_irl,1723.414,69.502,9.262708973046742,1.843618506397009,False,305870,True,True
esperanto,750.0,55.0,9.604612403100774,0.746848147032565,False,10413,True,True
darksouls,2448.0,51.0,23.022058823529413,1.4729085949750316,False,189557,True,True
nier,598.0,26.0,14.69732441471572,0.8452937140512617,False,38422,True,True
texans,370.461,25.164,18.055408970976252,1.654927949480835,False,21637,True,True
simonfraser,220.0,22.0,17.05,0.7845989443956563,False,3746,True,True
tf2,2721.0,86.0,16.92614550784676,1.556612085251019,False,222854,True,True
uwaterloo,916.0,47.0,9.926855895196507,1.6138990169169112,False,29818,True,True
furry_irl,804.0,60.15,22.988805970149258,0.7138888472807039,False,45492,True,True
rainbow6,2684.0660000000003,109.67,16.472466027288448,1.0490494034457047,False,491133,True,True
texas,816.0,34.0,9.196078431372548,1.2761185167190856,False,115324,True,True
portal,676.0,26.0,6.449704142011834,1.4776185418255554,False,43978,True,True
feedthebeast,467.856,43.33,9.902935855061122,1.3984054286170249,False,61376,True,True
bobross,752.0,36.0,13.549800796812749,1.8270343762895678,False,6479,True,True
lifeisstrange,227.959,21.672,7.090196078431372,1.2111398347757112,False,56665,True,True
sips,135.0,21.0,14.170370370370371,0.7476525078827116,False,48778,True,True
professorlayton,335.98,21.98,8.158508158508159,1.8216704742836538,False,4180,True,True
drugs,1219.5265000000002,48.978,13.26311667971809,1.473439560911544,False,462372,True,True
androidgaming,1233.0,45.0,6.753846153846154,1.903002757489869,False,137032,True,True
bees,83.0,12.0,4.666666666666667,1.2509941847528143,False,8105,True,True
acecombat,789.0,42.0,7.29404309252218,0.6966813162393285,False,8715,True,True
slovakia,853.0,59.0,19.629542790152403,1.1987841956951177,False,13938,True,True
aoe2,989.625,46.739999999999995,10.725688073394496,1.5369225896090075,False,39633,True,True
maryland,1110.0,91.0,26.84454121765833,1.676664866251037,False,25082,True,True
foxstevenson,155.0,16.0,6.2387096774193544,1.5012014291149403,False,1371,True,True
wallstreetbets,1850.0,50.0,10.925945945945946,0.8993506944130292,False,361722,True,True
puzzleanddragons,1156.5,37.0,8.395851339671564,1.6488696392825966,False,31657,True,True
math,540.0,24.0,27.18888888888889,0.7739248891446806,False,623429,True,True
cubers,1104.5955,50.622,22.124113475177303,1.398252523854103,False,52504,True,True
australia,925.5,41.5,7.976282576671894,0.5736384152459635,False,254291,True,True
duckgame,209.66400000000002,15.696,6.612612612612613,1.5856443177577368,False,2375,True,True
berserk,2003.0,55.51,8.825262106839741,1.0563034979233574,False,65846,True,True
bulgaria,1904.5,133.0,10.486062296673884,1.3535811868526217,False,22397,True,True
bih,173.524,24.544,4.07609821599371,1.4822760175507717,False,3113,True,True
spain,1932.4712499999998,67.16199999999999,12.060415656258952,0.9374630369829627,False,19640,True,True
kindafunny,133.0,19.0,7.466165413533835,1.0455651908600425,False,18505,True,True
anaheimducks,346.5,30.0,4.804034582132565,1.218557497064418,False,12206,True,True
serbia,652.8380000000001,32.524,15.263502622017215,1.332350520700256,False,11958,True,True
gameattack,392.0,22.0,5.697435897435898,0.8115770715137418,False,2857,True,True
httyd,569.5,33.0,7.074074074074074,0.9637558956885901,False,7283,True,True
roosterteeth,445.0,27.0,6.703370786516854,1.3130862980436078,False,204729,True,True
earthbound,3096.5,121.0,6.326221539322328,1.986291442305486,False,20864,True,True
funhaus,3892.5,101.0,14.99845877215515,0.6765216489471993,False,151784,True,True
palestine,1432.5,87.0,13.688494774642797,1.852144438734499,False,14072,True,True
n64,400.0,20.0,4.3625,1.5057805150607866,False,42274,True,True
detroitredwings,373.34675000000004,49.51,18.909527908090173,0.991881615283235,False,36024,True,True
gameboy,199.5,25.0,13.755821846282373,1.173841600148632,False,43735,True,True
sonicthehedgehog,428.5,30.0,11.675371450797353,1.4324276669665872,False,25714,True,True
mma,429.0,33.0,16.39160839160839,0.6139985751662915,False,660673,True,True
vinesauce,144.0,14.0,17.35135135135135,1.3730878370902946,False,21109,True,True
catholicism,236.0745,24.517999999999997,9.818930041152264,1.803338058635421,False,51912,True,True
terraria,305.5,39.0,9.575847772522078,1.9035039677713148,False,146455,True,True
python,362.0,21.0,14.193370165745856,1.3108845372188345,False,287197,True,True
nyu,713.5,39.0,14.457507082152974,0.7740659528912144,False,16745,True,True
miamidolphins,1346.0,61.0,14.256296296296297,1.3467352490064197,False,18916,True,True
singapore,471.609,32.309,14.815438663172248,0.9297510998306596,False,139596,True,True
titanfall,507.0,46.0,17.599605522682445,1.1684209272688366,False,96994,True,True
penguins,86.5,16.0,9.887640449438202,0.9423989465742312,False,31912,True,True
nuclearthrone,501.5,30.0,9.615384615384615,1.7323261364588127,False,10853,True,True
bardmains,650.0,26.0,11.975384615384616,1.9143286104093025,False,12439,True,True
neopets,473.0,22.0,9.272727272727273,1.56268968852119,False,26183,True,True
npr,519.4290000000001,50.994,46.84223121459827,1.2508619385008362,False,31487,True,True
norway,551.6502499999999,44.856,19.29223955972016,1.6254633392538647,False,28839,True,True
mordhau,915.0,61.0,7.0121012101210125,1.2673312950781863,False,4148,True,True
redhotchilipeppers,808.5,33.0,8.875154511742892,0.6899913247014967,False,26158,True,True
mexico,5582.5,205.0,13.1302335589571,1.665439991906281,False,132002,True,True
nefarioussmp,333.0,27.0,5.288288288288288,2.372308597516383,False,25,True,True
gabrieldropout,1949.0,97.0,9.174717368961973,2.1725917923729314,False,2275,True,True
mls,1312.5,40.0,9.535768645357686,1.0700256227280645,False,94810,True,True
transflagplace,355.0,56.0,70.44312026002167,1.2056773565105705,True,360,True,True
aceplace,623.0,46.0,23.911717495987162,0.7255925260792875,True,113,True,True
strangerthings,876.0,52.0,12.752283105022832,0.6820948511106928,False,327714,True,True
porterrobinson,913.5,43.0,12.018640350877194,0.8952874102283811,False,18599,True,True
armok,116.9375,21.775,7.384,0.6931151802186033,True,102,True,True
hyperlightdrifter,287.6055,23.686,8.771523178807946,1.5978201032660402,False,6028,True,True
teamdignitas,227.0,18.0,10.863636363636363,0.6711255446412614,False,351,True,True
mechanicalkeyboards,999.63,42.14,6.022995146502078,1.2540332557771536,False,309749,True,True
evedreddit,2080.0,80.0,9.053365384615384,0.8936613136192699,False,9237,True,True
sooners,89.112,9.107999999999999,9.446808510638299,1.2401393781448526,False,6506,True,True
bisexual,720.5,75.0,7.420161425662099,1.191403450870301,False,104043,True,True
asexuality,1781.5995,140.045,10.0998680158381,1.3476497625333415,False,26851,True,True
clg,282.5,45.0,27.589056047197644,0.7956562478922264,False,15736,True,True
danganronpa,1574.175,90.725,7.566739216170503,1.461201766722615,False,35463,True,True
ubc,549.5,29.0,18.963570127504553,1.1062933782683446,False,17981,True,True
thegreatblackhole,0.0,0.0,0.0,0.0,True,126,False,True
hungary,2451.526625,90.772,10.675497810868306,1.5141368010296525,False,32468,True,True
bravenewbies,601.994,32.997,12.271234430907947,0.7732366928496281,False,6255,True,True
re_zero,675.82,62.96,5.835123464116149,1.6720499108132811,False,32176,True,True
metalgearsolid,591.6434999999999,54.693999999999996,8.985507246376812,1.825442633113939,False,113106,True,True
kanye,11684.0,273.0,11.259381708598013,2.268422654464046,False,193193,True,True
aromantic,396.5,145.0,34.46511627906977,1.553445857649139,False,3208,True,True
placeportalpattern,2639.0170000000003,94.334,6.0,1.3530150064947082,True,92,True,True
shantae,436.0,34.0,15.442822384428224,1.5069441744779728,False,1886,True,True
fivenightsatfreddys,402.0,24.0,13.833333333333334,1.6900324995608724,False,34373,True,True
paladins,294.5,26.0,13.503401360544217,0.9255216380759412,False,74082,True,True
cfb,1011.5,36.0,15.638339920948617,1.0233888794360995,False,521716,True,True
rhythmheaven,148.5,19.0,17.256944444444443,0.8479516101228872,False,2275,True,True
foxes,0.0,0.0,0.0,0.0,False,78422,False,True
genderqueer,175.0,25.0,6.071005917159764,1.0863741624968872,False,18240,True,True
madeon,346.0,36.0,8.335728792376193,0.6821208134472514,False,4111,True,True
indonesia,874.31,42.3,22.48978262354897,1.4708216875996944,False,31966,True,True
hunterxhunter,622.0305000000001,13.857000000000001,7.536098310291859,1.0130191168065,False,57654,True,True
the_pack,603.0,52.0,10.870646766169154,0.6049325439456809,False,97509,True,True
iastate,252.0,14.148,8.996031746031745,1.0239833479468803,False,6483,True,True
clubpenguin,441.0,21.0,16.993197278911566,1.7546462356200772,False,3592,True,True
btc,78.0,13.0,5.076923076923077,0.6901856760188042,False,228222,True,True
shield,711.0,32.0,13.133704735376044,0.6930485470935924,False,89693,True,True
chelsea,2169.5,63.0,11.972056802565277,1.318215520637063,False,11200,True,True
startrek,528.5,27.555,15.874769797421731,1.474009460106348,False,174630,True,True
falcons,976.25,17.435,12.070148489503328,0.7242270124209634,False,29908,True,True
patriots,976.25,17.435,12.070148489503328,0.7242270124209634,False,96872,True,True
clannad,552.0,46.0,8.134057971014492,1.2811202354561702,False,5260,True,True
transformers,521.0,42.0,16.866251967493795,0.8787950981155883,False,19662,True,True
pusheen,249.5,22.0,6.261363636363637,0.8341320731872888,False,4014,True,True
smite,720.0,30.0,15.598611111111111,1.06052451641502,False,128944,True,True
calgaryflames,294.038,23.247,49.97115384615385,0.9584154526459676,False,10244,True,True
wow,365.5,20.0,12.956164383561644,1.2395289696945901,False,867032,True,True
rojava,387.0,38.0,20.839657282741737,1.1845886275568938,False,6745,True,True
pepe,8.0,4.0,10.25,1.2130075659799042,False,16962,True,True
rit,1237.0,95.0,9.012132020971318,0.8347782681133946,False,11259,True,True
timbers,770.0,35.0,7.8180628272251305,1.1486743150627086,False,6902,True,True
theadventuresoftintin,229.505,4.125,29.60559796437659,1.8587747840009072,False,3468,True,True
livecounting,577.0,54.0,7.244328097731239,1.041376165532763,False,6044,True,True
phish,228.0,38.0,17.75877192982456,1.172182000790297,False,31771,True,True
worldpowers,1705.848,53.22,9.891846921797004,1.6365924229554736,False,4720,True,True
muse,884.0,69.0,7.839914881689176,0.8540750982487983,False,25043,True,True
gameofthrones,1671.0,61.0,9.937346437346438,1.831625440400484,False,1498923,True,True
israel,2049.25,73.0,16.87892393237577,1.1204002523812808,False,36424,True,True
twice,162.0,27.0,18.28395061728395,1.0018474924448848,False,30878,True,True
pokemonsage,209.0,19.0,2.984375,1.8124912888148579,False,0,True,True
seolhyun,504.0,20.16,13.595714285714285,1.1830239218191818,False,1823,True,True
gamindustri,235.88299999999998,18.819,12.375451263537906,1.8883933826852868,False,17249,True,True
metalcore,2751.0,131.0,12.803206997084548,1.2439266245603142,False,60828,True,True
opticgaming,1811.24,82.72,8.177499525042112,1.012434702803933,False,36988,True,True
dragonquest,159.0,23.0,14.5,0.9692852217592541,False,18338,True,True
onetrueemilia,357.5,55.0,20.613445378151262,0.849185971542132,False,1442,True,True
cmu,780.0,46.0,15.775353016688062,1.2109143655020103,False,3876,True,True
shishamo,324.0,18.0,5.058641975308642,0.9067243869864021,False,231,True,True
giivasunner,0.0,0.0,0.0,0.0,False,10350,False,True
megaman,2920.1262500000003,289.499,14.428291381925007,2.0124308796058092,False,16337,True,True
datboi,380.8695,15.532,19.68637992831541,1.7688212413302977,False,7568,True,True
slovenia,2848.34,60.364000000000004,31.899147025395852,1.5275416659253995,False,5878,True,True
kingdomhearts,416.881,56.7,8.401608708480358,1.5966337440857306,False,100702,True,True
berkeley,491.14799999999997,26.572,12.825396825396826,1.3361335068942517,False,18313,True,True
aceattorney,484.0,77.0,5.53421411782546,1.1048648141269195,False,21392,True,True
aggies,341.0,22.0,32.193548387096776,0.9060198516512105,False,17129,True,True
unturned,195.0,15.0,27.733333333333334,0.6758652693208979,False,18721,True,True
mysterydungeon,246.0,19.0,7.712820512820513,1.5662591435305895,False,8471,True,True
cornwall,36.5,9.0,7.194444444444445,0.7085815342437357,False,1992,True,True
rpi,176.0,22.0,20.994318181818183,0.5982695885852573,False,7134,True,True
streetfighter,164.25,12.0,5.667164179104478,0.8421597430407731,False,74120,True,True
latin,172.0,22.0,9.410714285714286,0.887694275799104,False,16691,True,True
chicubs,490.0,29.0,43.75763747454175,1.376319010246574,False,29173,True,True
catalonia,1254.0,55.0,10.811486962649754,0.937037740917212,False,1445,True,True
sakuragakuin,899.465,50.788000000000004,6.711253551896225,1.084877157277379,False,2545,True,True
vocaloid,210.0,30.0,6.9523809523809526,0.6763648464682206,False,20093,True,True
thehulk,383.0,32.0,8.075324675324675,1.1523244614769947,True,45,True,True
coldplay,643.0,50.0,6.245069964501442,0.9382211407398352,False,12151,True,True
littlebusters,328.0,24.0,4.8810975609756095,1.7307532580084184,False,323,True,True
minnesotavikings,1591.5,59.0,14.198501872659175,1.5175920634274325,False,53995,True,True
mario,1429.9914999999999,132.5,7.469612033300107,1.47108967677104,False,26687,True,True
sheffield,249.0,42.0,7.827309236947791,1.1233761016162873,False,5340,True,True
ghibli,114.0,12.0,3.8859649122807016,0.8985977890088497,False,69504,True,True
liverpoolfc,551.0,29.0,11.4010889292196,0.9591505748997483,False,123523,True,True
swordartonline,369.28499999999997,30.84,26.214700154039733,0.8728648270321149,False,40077,True,True
hoodr,197.5,30.0,7.284263959390863,1.0202297245728107,True,13,True,True
villanova,247.0,20.0,9.352226720647772,1.072919433733784,False,1010,True,True
dankmemes,174.5,16.0,20.488095238095237,1.481164825133445,False,1393153,True,True
yuri,230.1,27.21,5.182249908382108,0.7043019450476673,False,42753,True,True
moondye7,758.0,40.0,21.248021108179422,1.1331579457431953,False,797,True,True
temple,256.0,16.0,18.55078125,0.5490906490322867,False,4779,True,True
rush,56.625,10.75,14.1457658165422,0.7169928868346722,False,13616,True,True
alandislands,120.0,15.0,50.016666666666666,1.0217260613086157,False,299,True,True
yugioh,352.59999999999997,18.312,11.035532994923859,1.5485299905460086,False,91454,True,True
katawashoujo,261.0,18.0,6.559386973180077,1.0485083614750133,False,18446,True,True
parrots,187.99200000000002,2.4989999999999997,12.273809523809524,1.141499280589498,False,39998,True,True
nvade,1391.219,48.579,6.3546940915722265,1.1722633953133192,True,45,True,True
artsakh,91.0,13.0,6.010989010989011,1.536093579690701,False,256,True,True
oltp,238.0,28.0,8.331932773109244,1.0420353982727255,False,212,True,True
novascotia,144.0,16.0,8.0,1.0259918688976986,False,7293,True,True
touaoii,222.0,37.0,32.58918918918919,0.6808100209204215,True,116,True,True
hentai,543.0,53.0,19.78268876611418,0.6594177322821717,False,293238,True,True
apocalypserising,642.0,40.0,11.8578125,1.9090150068057206,False,4107,True,True
kcroyals,359.0,25.0,18.77247191011236,0.9614642774691204,False,12043,True,True
giantbomb,375.0345,30.707,14.371649000952463,1.3748417432319402,False,22252,True,True
riskofrain,60.0,12.0,6.95945945945946,1.6941356711244064,False,9892,True,True
wario,316.0,24.0,3.6487341772151898,1.7477777714190927,False,1066,True,True
weezer,735.0,70.0,8.863945578231293,1.6248752855792572,False,15833,True,True
produce101,60.0,10.0,9.933333333333334,1.0820103296089916,False,1560,True,True
bretagne,355.5,35.0,12.66292801432042,0.8695499671064648,False,865,True,True
bigbang,19.5,9.0,10.777777777777779,0.34883209584303193,False,3638,True,True
worldoftanks,108.0,12.0,4.425925925925926,0.9066953005744476,False,49962,True,True
dallasstars,292.5,32.0,6.489726027397261,1.581701595691761,False,9113,True,True
snsd,121.5,27.0,13.016528925619834,0.8125906042369745,False,17220,True,True
tmnt,186.5,17.0,11.786096256684491,1.487584612280648,False,12465,True,True
borussiadortmund,572.0,26.0,18.094405594405593,0.9070795745241251,False,15302,True,True
ohio,892.5,35.0,10.29954954954955,1.324167231003448,False,24746,True,True
wpi,264.0,24.0,13.072243346007605,0.6931399518707235,False,1712,True,True
49ers,716.5,38.0,13.927659574468086,1.347659619787155,False,45775,True,True
destinythegame,2449.339,116.605,15.11929022185597,1.4176406896892217,False,750793,True,True
k_on,142.424,16.606,10.460526315789474,0.9978232606048918,False,8940,True,True
canwc,72.0,18.0,6.194444444444445,0.754263013488326,False,290,True,True
miamihurricanes,280.5,17.0,9.896797153024911,1.3692073308166,False,3690,True,True
robigalia,64.0,8.0,7.265625,0.6887461892700277,True,1,True,True
pitt,1095.137,70.062,13.384503628850306,1.1373096191919487,False,6917,True,True
bakchodi,202.375,4.97,9.354449938195303,0.34106768323927894,False,15827,True,True
pakistan,258.375,14.969999999999999,16.531473912722674,0.47130972147551775,False,19465,True,True
greenbaypackers,281.0,22.0,45.04626334519573,1.3010758291221387,False,75734,True,True
colorado,785.5,43.0,9.418250950570343,1.2960375527093173,False,60577,True,True
metroid,229.0,41.0,4.539805767058864,1.8887063785957694,False,32774,True,True
devonuk,14.76875,0.5185,10.233490566037736,0.7551480285818557,False,1200,True,True
dorset,14.76875,0.5185,10.233490566037736,0.7551480285818557,False,593,True,True
aeskwadraat,56.5,4.374,11.857142857142858,1.4191315469300896,False,12,True,True
mysteryskulls,120.37049999999999,3.5860000000000003,17.535714285714285,1.972015516606309,False,533,True,True
animalcrossing,163.0,16.0,8.38125,1.5050606976255252,False,148251,True,True
paydaytheheist,304.0,19.0,11.542763157894736,0.9740245653567139,False,59815,True,True
spc,30.071999999999996,1.7279999999999998,8.25,0.7020756369795864,False,70,True,True
armenia,1438.5,100.0,8.797687412218941,1.1150940248894765,False,5984,True,True
nyjets,487.5,40.0,8.985626283367557,0.9532318450414683,False,19635,True,True
paragon,172.51999999999998,31.008,5.693548387096774,1.0883660469834782,False,35526,True,True
redox,279.0,31.0,6.551971326164875,0.9882443794590612,False,1217,True,True
totallynotrobots,0.0,0.0,0.0,0.0,False,301909,False,True
pebble,30.0,6.0,10.5,0.9446889734058668,False,36357,True,True
araragi,338.1,13.943999999999999,10.234285714285715,1.901501088610241,False,32113,True,True
splatoon,240.0,19.0,9.383333333333333,1.32000670463288,False,115136,True,True
littlewitchacademia,126.0,18.0,10.904761904761905,1.9623106148680833,False,9767,True,True
aprilknights,756.0,63.0,13.277777777777779,0.941728320403713,False,1281,True,True
starlightstage,584.5875,0.58,31.661971830985916,1.9556923414257008,False,9901,True,True
flipnotestudio3d,254.5,20.0,6.003921568627451,0.9991072204393641,False,862,True,True
frankocean,2456.0,146.22,7.4147741406211045,1.1968285465930228,False,95196,True,True
uvic,160.0,20.0,14.0,1.031765621413083,False,8344,True,True
newmexico,316.0,23.0,12.796875,0.5927102049815566,False,6603,True,True
rutgers,420.0,29.0,25.561904761904763,0.6898669483561728,False,13702,True,True
afip,864.7945,140.353,54.234981938440825,0.8984456579863842,True,142,True,True
uoft,102.0,17.0,24.205882352941178,0.8570857674903515,False,21284,True,True
upenn,1124.0,62.0,12.00495724399674,1.1628593233312035,False,3019,True,True
cuboulder,185.64225,12.347999999999999,8.71808510638298,0.7109549473558844,False,5512,True,True
growthetree,928.0,38.0,19.4622030237581,1.387796413549491,True,74,True,True
rainbowgrid,853.5,82.0,7.264775413711584,1.520046591226827,True,0,True,True
scp,138.0,20.907,8.782608695652174,0.7886412161011597,False,145570,True,True
purdue,671.5,59.0,36.16890881913304,1.0664538935085202,False,13933,True,True
peterdraws,80.0,10.0,6.8125,1.1514380548496468,False,1565,True,True
ucf,253.0,23.0,20.08695652173913,1.0094305899082896,False,22463,True,True
dbz,425.875,10.0,12.592265229340661,1.59519699224581,False,182261,True,True
thebluecorner,8127.5,240.0,47.441269906576785,0.5620597034143101,True,3917,True,True
csufoco,134.0,19.0,7.895522388059701,1.013901605379448,False,1526,True,True
denverbroncos,360.5,34.0,10.560773480662984,1.109825981799653,False,34791,True,True
freedomplanet,223.16049999999998,18.98,8.021739130434783,2.1366271976240236,False,643,True,True
popheads,0.0,0.0,0.0,0.0,False,56846,False,True
lsu,85.5,13.0,8.627906976744185,0.8621933060916858,False,5184,True,True
mit,112.0,14.0,16.794642857142858,1.0503497678184166,False,6114,True,True
asexual,57.0,10.0,18.136363636363637,1.3678721266710954,False,9913,True,True
southpark,79.5,15.0,9.157894736842104,0.9405929170950216,False,500823,True,True
centuryclub,701.5,76.0,7.2240822179462985,0.7549158822470909,,0,True,True
finland,117.83,15.940000000000001,17.531863704443275,0.8495492806074708,False,24714,True,True
portugalcaralho,560.5,55.735,14.512605042016807,0.6927726185565874,False,7735,True,True
tsunderesharks,172.5,18.0,16.474285714285713,1.6348069299633567,False,76580,True,True
frankfurt,102.0,29.0,12.285714285714286,1.1297075180952103,False,3211,True,True
completeanarchy,66.0,12.0,2.5692307692307694,1.388570465666781,False,60476,True,True
wsu,85.536,12.512,3.804123711340206,0.8091017144231557,False,3874,True,True
anarchocapitalism,91.0,13.0,166.1868131868132,0.8941696257284546,False,1907,True,True
parabola,204.0,34.0,3.8219895287958114,0.7795566871447884,False,271,True,True
malta,164.5,25.0,10.355984306733426,0.9664260760387244,False,2872,True,True
americanflaginplace,11840.764000000001,195.19,55.77319934760966,1.2210856726672268,True,620,True,True
notredame,713.0,31.0,6.823943661971831,1.2600612727811922,False,4684,True,True
landry,144.0,27.0,8.67361111111111,1.2484819183191638,False,0,True,True
aeon,212.5,25.0,20.615023474178404,1.2834770736414778,False,5137,True,True
iran,141.5,14.0,8.077464788732394,1.3760681794000058,False,20490,True,True
fez,315.32425,11.952,11.538922155688622,2.103479436992688,False,1849,True,True
pgang,231.0,30.0,6.623376623376624,1.1662992821334905,True,6,True,True
anime,534.0,51.0,8.501323492262237,0.6836594726576564,False,786643,True,True
enterthegungeon,0.0,0.0,0.0,0.0,False,46085,False,True
eder,120.0,11.899999999999999,37.016666666666666,0.6524532223024057,False,2313,True,True
mizzou,0.0,0.0,0.0,0.0,False,4010,False,True
columbia,88.0,11.0,11.114942528735632,1.1231893064973641,False,3485,True,True
azores,113.0,19.0,15.055479918311775,1.482825130966169,False,1089,True,True
picturegame,251.5815,21.583,6.9625986012485015,1.1726661336734336,False,18297,True,True
reboot,146.0,15.0,14.407142857142857,1.021257790503214,False,1882,True,True
placehfarts,282.0,47.0,45.46099290780142,0.676048342443887,True,15,True,True
vixx,55.308,8.112,7.985074626865671,1.750601831648462,False,960,True,True
nonbinary,182.0,26.0,7.2967032967032965,1.729232078126174,False,11987,True,True
predators,0.0,0.0,0.0,0.0,False,12131,False,True
colombia,57.0,10.0,19.28787878787879,1.3549369995664724,False,11609,True,True
pansexual,314.5,33.0,8.427830307087273,1.1290039332283177,False,11466,True,True
britaly,115.18475000000001,1.3800000000000001,70.80555555555556,1.4300293249655114,,0,True,True
uofmn,594.0,21.276,24.074074074074073,0.907971563733933,False,7290,True,True
vermont,192.0,32.0,9.869791666666666,0.8368644419766348,False,12371,True,True
bdsm,162.0,27.0,13.166666666666666,0.9032608763559608,False,143301,True,True
realgirls,145.64999999999998,18.84,14.8,1.291369734090785,False,1019723,True,True
edditworldcongress,0.0,0.0,0.0,0.0,True,112,False,True
monkeyisland,259.0,23.0,4.953125,1.962164967283643,False,1927,True,True
cardinals,195.0,15.0,13.553846153846154,0.9211960665534606,False,20489,True,True
borderlands,7.656,1.197,4.576205234159779,0.7347192809226701,False,98041,True,True
cryptofr,42.0,12.0,10.166666666666666,0.9672748265790041,True,4100,True,True
alberta,210.0,18.0,12.438095238095238,1.4285318426305067,False,18235,True,True
ufl,432.0,7.776,12.230324074074074,0.5407180454790237,False,6897,True,True
floridagators,432.0,7.776,12.230324074074074,0.5407180454790237,False,11841,True,True
infiniteapples,39.5,10.0,5.743589743589744,1.1088427536185381,False,105,True,True
kpop,182.0,28.0,18.516483516483518,1.0478867999826824,False,311542,True,True
ethiopia,0.0,0.0,0.0,0.0,False,1638,False,True
donaldglover,547.443,42.196,10.986529008499517,1.1595651794597506,False,92512,True,True
rathub,153.5265,14.926,21.098159509202453,1.7121745369529906,,0,True,True
wisconsinbadgers,938.0,34.0,14.442780748663102,1.0359385874374278,False,6457,True,True
upvote,30.0,7.0,7.7,0.8532361505557784,False,1367,True,True
teamyellowplace,3691.968,53.300000000000004,10.620354239256677,1.9248294786658153,True,44,True,True
rangers,0.0,0.0,0.0,0.0,False,18224,False,True
planetside,240.0,16.0,21.279166666666665,0.711803565200775,False,46806,True,True
watchmen,74.0,12.0,10.052631578947368,1.1541848991273302,False,5652,True,True
costa_rica,93.0,12.0,14.359550561797754,1.5306846639768712,False,5989,True,True
place,36.006,7.004,9.627450980392156,1.3189392373861089,False,209279,True,True
chess,0.0,0.0,0.0,0.0,False,103757,False,True
thesimpsons,355.0,24.0,28.966101694915253,1.623244327902602,False,237371,True,True
lebanon,241.5,22.0,17.606194690265486,1.5875379840955328,False,8025,True,True
wine,144.0,24.0,7.284722222222222,0.8108254965177281,False,67205,True,True
greenlantern,61.361999999999995,8.532,8.521739130434783,1.115561375372512,False,3844,True,True
erasetheplace,651.0,51.0,39.85451761102603,0.3208725569618823,True,1106,True,True
sayaka,577.0,31.0,7.948364888123924,1.8318060254898079,False,673,True,True
evex,216.0,27.0,11.537037037037036,0.9773620992951775,False,11454,True,True
uiuc,1119.0,72.0,19.659870250231695,1.2877248831379489,False,25689,True,True
sakurakyouko,627.5,12.672,11.006379585326954,1.665910968665609,False,658,True,True
lofihiphop,236.0,30.0,8.839662447257384,0.6042626715899787,False,41045,True,True
madoka,613.0,19.41,7.214285714285714,1.8327398791880933,False,1244,True,True
signal,84.0,29.0,9.19277108433735,0.783987738095342,False,3157,True,True
vulfpeck,47.0,9.0,5.543478260869565,0.777140995932613,False,8149,True,True
homura,604.5,31.0,5.394088669950739,1.5038410057325169,False,2157,True,True
mamamoo,144.0,24.0,11.569444444444445,1.608444955710491,False,3195,True,True
halo,1055.217,41.03,13.370579915134371,2.037430284634058,False,194358,True,True
pei,178.5,8.126,9.418994413407821,1.5959768100008043,False,2340,True,True
yukon,176.0,17.0,6.892045454545454,1.7129986857887438,False,1403,True,True
uva,192.0,24.0,10.427083333333332,1.006738574699656,False,5015,True,True
loltyler1,0.0,0.0,0.0,0.0,False,51983,False,True
nagisamomoe,114.0,5.174,6.861788617886178,1.584899852496466,False,239,True,True
rmtk,140.0,28.0,25.52857142857143,0.6730116670092565,False,791,True,True
ik_ihe,173.316,4.329,9.310897435897436,0.6600077061335778,False,25818,True,True
thepointing,117.0,16.0,12.110091743119266,0.7829665667296581,True,8,True,True
seahawks,198.0,18.0,13.93,1.094614211775916,False,54337,True,True
bannedfromanime_irl,180.0,18.0,8.358288770053475,0.801589816291336,False,629,True,True
osu,306.0,18.0,74.61111111111111,1.0665941281914264,False,17147,True,True
msu,928.0,32.0,12.80280172413793,1.3376148143323563,False,8140,True,True
unlincoln,248.44799999999998,30.112,19.94140625,0.9856119223453217,False,633,True,True
jordan,82.5,9.432,13.051948051948052,1.4345722124244615,False,3067,True,True
oman,63.0,9.504000000000001,17.233333333333334,1.502479538012896,False,1524,True,True
uofm,850.0,34.0,73.37294117647059,0.8813576985329304,False,11119,True,True
uiowa,165.0,7.995,39.72121212121212,0.6865025145530397,False,2451,True,True
northwestern,140.0,14.0,65.62857142857143,1.133467779125183,False,3221,True,True
geometrydash,68.0,9.0,5.029411764705882,1.4642021195050816,False,5981,True,True
femdom,280.0,40.0,10.067857142857143,0.6196709860921363,False,66710,True,True
sydneyfc,64.0,16.0,21.5,0.9461401996818654,False,577,True,True
gravityfalls,208.768,8.619,17.019455252918288,1.6609481309070664,False,81459,True,True
guildwars2,0.0,0.0,0.0,0.0,False,190007,False,True
kstate,66.0,11.0,23.696969696969695,1.4859780428509746,False,1929,True,True
dominican,55.5,10.0,10.320754716981131,1.5343641191842978,False,2062,True,True
clashroyale,435.5,29.0,8.328735632183909,2.00086241685284,False,210369,True,True
ibo,380.5,23.0,6.3465608465608465,0.5892700691955215,False,25136,True,True
jakkid166,43.092,1.47,3.5074626865671643,1.2676220634757527,,0,True,True
epublica,233.625,31.988,7.00398406374502,1.583622714583381,True,38,True,True
celticfc,58.0,10.0,5.722222222222222,1.1181176999420157,False,5714,True,True
poland,94.0,10.404,11.180851063829786,1.3630402624572107,False,21182,True,True
counting,141.0,32.0,7.723404255319149,1.3534388175553533,False,16449,True,True
luxembourg,90.0,11.0,8.822222222222223,1.6492271002342154,False,6323,True,True
diamondclub,156.5,19.0,5.372549019607843,0.9908307936934453,False,2410,True,True
edmontonoilers,0.0,0.0,0.0,0.0,False,14222,False,True
bahrain,61.0,10.0,5.481481481481482,1.1007811096113764,False,1933,True,True
snoo,273.5,21.0,17.033088235294116,1.314085044875373,False,712,True,True
kurdistan,61.0,10.0,6.037037037037037,1.5215563501116713,False,6374,True,True
plazagalicia,70.5135,7.452,9.64102564102564,1.323667152913567,False,180,True,True
plazaeuskadi,87.0,12.0,11.307692307692308,1.4217985259966543,False,94,True,True
plazacatalunya,87.0,12.0,16.858974358974358,1.1766042007831559,False,119,True,True
bangladesh,46.5,10.0,17.183673469387756,0.885410044660506,False,5922,True,True
hsv,87.0,12.0,5.5,1.2726953287436817,False,1150,True,True
jamaica,87.0,12.0,11.294871794871796,1.2606860156053092,False,3079,True,True
winnipegjets,566.9999999999999,25.488,10.239786856127886,1.6123073838429722,False,11672,True,True
survivor,0.0,0.0,0.0,0.0,False,56742,False,True
edboxes,90.0,19.0,15.9,0.8476257511898766,True,13,True,True
bahamas,91.0,11.0,8.416666666666666,1.6285196596112592,False,908,True,True
madeira,48.0,8.0,7.895833333333333,1.3330756881474781,False,486,True,True
mariners,0.0,0.0,0.0,0.0,False,20460,False,True
futurama,2350.5,112.0,21.684638254731265,1.4430371488083127,False,464866,True,True
miraculousladybug,69.0,11.0,10.176470588235293,0.7568564533605259,False,8212,True,True
thegreatgreenbox,0.0,0.0,0.0,0.0,True,76,False,True
greencorner,0.0,0.0,0.0,0.0,True,98,False,True
greenempire,0.0,0.0,0.0,0.0,True,5,False,True
blackmirror,13.0,1.576,10.375,0.8647400965276372,False,182736,True,True
anarcho_capitalism,125.5,15.0,10.325203252032521,1.4382769147504613,False,69702,True,True
numberphile,72.0,9.0,5.694444444444445,0.6741218961767368,False,1704,True,True
place00,0.0,0.0,0.0,0.0,,0,False,True
the_r,24.0,6.0,3.4166666666666665,0.6791932659915256,True,8,True,True
twentyonepilots,197.5,16.796,20.776649746192895,0.0,False,52504,True,True
greenland,90.0,12.0,10.655913978494624,1.5931515803533558,False,1347,True,True
mariokart,227.5,26.0,4.344827586206897,1.9863203978051789,False,28853,True,True
elonmusk,150.5,26.0,5.873333333333333,1.0812565615136516,False,58700,True,True
braveryjerk,10.0,5.0,14.9,1.2798542258336676,False,20770,True,True
shrooms,95.0,14.0,10.046296296296296,1.7376993212973746,False,85495,True,True
katamari,102.5,13.0,4.681818181818182,1.2693093929418617,False,1647,True,True
twitch,270.0,18.0,11.633333333333333,1.3240365412967026,False,387580,True,True
futanari,241.832,7.912,6.692118226600985,1.270074514778049,False,106176,True,True
cgpgrey,109.0,15.0,11.045871559633028,0.6611616141901082,False,96299,True,True
stlouis,870.364,30.4,13.01673958449726,1.4510708872860008,False,34537,True,True
destiny,0.0,0.0,0.0,0.0,False,39759,False,True
physical_removal,361.5,38.0,13.629526462395543,0.8537801366242845,False,0,True,True
warthunder,31.5,13.0,11.659090909090908,1.6743533453087547,False,68431,True,True
ducks,168.97925,4.852,12.036749594164071,1.319623721340967,False,5277,True,True
gratefuldead,48.9375,4.75,4.39544983147524,1.3983326295360592,False,43783,True,True
carletonu,90.0,8.89,11.944444444444445,1.4430260861955235,False,4936,True,True
battlecats,0.0,0.0,0.0,0.0,False,12773,False,True
honduras,46.5,10.0,5.2,1.006979721479061,False,1520,True,True
thebucketfountain,0.0,0.0,0.0,0.0,False,424,False,True
wit,98.0,14.0,12.03061224489796,0.9545064044699489,False,88,True,True
guatemala,57.0,10.0,9.833333333333334,1.1521298444855774,False,2963,True,True
moon,162.22375000000002,14.055000000000001,9.341463414634147,1.2468282478964763,False,2099,True,True
gioj,146.99999999999997,19.866,5.129251700680272,0.6611273195930383,False,3,True,True
alexjokes,250.0,25.0,3.884,0.6775782136857396,False,5,True,True
ravens,129.0,22.0,13.651515151515152,1.6118811511481257,False,21260,True,True
qotsa,191.0,18.2,9.015,2.125301479107891,False,19281,True,True
protectthet,9.0,3.0,26.77777777777778,1.0608569471580214,,0,True,True
nightinthewoods,0.0,0.0,0.0,0.0,False,9785,False,True
avoid5,0.0,0.0,0.0,0.0,False,9841,False,True
honkers,0.0,0.0,0.0,0.0,False,1584,False,True
dcfu,139.5,22.0,9.435714285714285,0.9428493645459624,False,2454,True,True
all,113.0,24.0,17.15625,1.3831200173653901,,0,True,True
isreal,10.2365,2.082,3.5535714285714284,0.7409744365848951,False,148,True,True
polyamory,35.0,7.0,5.428571428571429,1.0319734201604107,False,81251,True,True
pigifs,65.33999999999999,7.334999999999999,3.8472222222222223,1.8862458349281686,False,23212,True,True
nerdfighters,0.0,0.0,0.0,0.0,False,36050,False,True
egypt,56.0,10.0,17.609375,1.2478830746500662,False,12535,True,True
chibears,0.0,0.0,0.0,0.0,False,40543,False,True
auburn,112.0,16.0,11.592857142857142,0.8729410571401095,False,5386,True,True
warriors,0.0,0.0,0.0,0.0,False,116448,False,True
clanicahn,0.0,0.0,0.0,0.0,False,0,False,True
raocow,493.0,29.0,12.233265720081135,1.8001867611014408,False,215,True,True
lehigh,155.04,28.016,6.517647058823529,1.115548118297609,False,1049,True,True
burdcrew,204.0,17.0,10.838235294117647,1.1551334722589668,False,58,True,True
greyblob,42.0,7.0,12.357142857142858,1.0356959635575245,True,39,True,True
diablo,68.26050000000001,1.3199999999999998,10.0,1.5941261709490087,False,178756,True,True
valencia,60.0,10.0,15.93939393939394,1.4244951511981556,False,994,True,True
cosi,129.0,22.0,25.131782945736433,1.2308732075921385,False,50,True,True
arizona,0.0,0.0,0.0,0.0,False,29572,False,True
genderfluid,57.0,10.0,34.4375,1.5312646501273106,False,5992,True,True
faeria,71.475,20.495,8.298977886595935,1.3362614512864883,False,5202,True,True
pubattlegrounds,0.0,0.0,0.0,0.0,False,779039,False,True
lexington,50.183,3.3169999999999997,24.01918976545842,0.7951052688104293,False,8852,True,True
onefjef,90.0,10.0,9.744444444444444,0.7323803799517038,False,212,True,True
shitredditsays,0.0,0.0,0.0,0.0,False,113820,False,True
gmail,99.0,11.0,23.02020202020202,0.5522865433957183,False,1341,True,True
azerbaijan,101.0,12.0,6.084905660377358,1.6166890467186994,False,1508,True,True
srpska,99.5,12.0,6.106796116504855,1.5111965797642812,False,272,True,True
elsalvador,96.5,13.0,12.683168316831683,1.5344543640778896,False,2406,True,True
russia,100.0,12.0,9.432692307692308,1.5075125685597652,False,37842,True,True
williamsthing,0.0,0.0,0.0,0.0,False,1,False,True
guardiansofdatboi,255.12525000000002,6.82,33.72178477690289,2.008012705538707,True,23,True,True
marvel,0.0,0.0,0.0,0.0,False,432901,False,True
sadboys,538.5,30.0,21.135185185185186,1.5406255528995816,False,19596,True,True
the_donald,108.0,12.0,161.5648148148148,1.1735823184122047,False,675607,True,True
okstate,45.0,10.0,5.444444444444445,0.6809991432654108,False,2919,True,True
vietnam,41.5,10.0,31.428571428571427,0.8766666046423313,False,18821,True,True
treeplace,7.0,7.0,29.5,1.0114042647073516,True,19,True,True
connery,399.0,38.0,8.092731829573935,1.6204687975442438,False,1832,True,True
paranatural,1.0,5.0,10.5,1.0397207708399179,False,2047,True,True
towerclimb,1.0,1.0,3.0,0.0,False,51,True,True
quq,73.8045,10.802,5.343434343434343,0.7536061374133377,False,16,True,True
xerathmains,0.0,0.0,0.0,0.0,False,1553,False,True
hamiltonmusical,0.0,0.0,0.0,0.0,False,27160,False,True
kuwait,57.0,10.0,16.875,1.3009640181662867,False,3303,True,True
redvsblue,359.0,27.0,6.610497237569061,1.5200526397367256,False,13176,True,True
sakartvelo,57.0,10.0,7.5606060606060606,1.2474907586544606,False,5353,True,True
tetris,36.0,6.0,10.11111111111111,2.0036488288611194,False,4985,True,True
dmt,170.2815,45.633,11.19672131147541,1.4996318309625931,False,55389,True,True
corridor,0.0,0.0,0.0,0.0,False,12524,False,True
baylor,30.0,6.0,11.966666666666667,0.8110053415676062,False,2836,True,True
spacexmasterrace,72.0,12.0,4.75,0.8325311985348537,False,9177,True,True
homelab,93.85999999999999,4.1,10.41578947368421,1.5180058391287783,False,140015,True,True
pinkunion,0.0,0.0,0.0,0.0,True,30,False,True
ruinscraft,318.0,40.0,5.113207547169812,1.0184148115568723,False,73,True,True
lugarix,45.0,12.0,8.244444444444444,0.7751905736399333,False,6,True,True
compsoc,0.0,0.0,0.0,0.0,False,59,False,True
alsace,57.0,10.0,19.303030303030305,1.2296099237369043,False,148,True,True
rocketleagueexchange,0.0,0.0,0.0,0.0,False,77802,False,False
videos,0.0,0.0,0.0,0.0,False,18724503,False,False
gaming,0.0,0.0,0.0,0.0,False,19400968,False,False
fifa,0.0,0.0,0.0,0.0,False,185198,False,False
forhonor,0.0,0.0,0.0,0.0,False,157651,False,True
jailbreak,0.0,0.0,0.0,0.0,False,345550,False,True
nintendoswitch,0.0,0.0,0.0,0.0,False,871496,False,True
art,0.0,0.0,0.0,0.0,False,13729089,False,False
nba,0.0,0.0,0.0,0.0,False,1409047,False,True
squaredcircle,0.0,0.0,0.0,0.0,False,360670,False,True
enoughtrumpspam,0.0,0.0,0.0,0.0,False,88594,False,False
hiphopheads,0.0,0.0,0.0,0.0,False,1186847,False,False
dbzdokkanbattle,0.0,0.0,0.0,0.0,False,78890,False,False
nostupidquestions,0.0,0.0,0.0,0.0,False,699460,False,False
soccer,0.0,0.0,0.0,0.0,False,1209501,False,False
bitcoinall,0.0,0.0,0.0,0.0,False,7359,False,False
pokemongo,0.0,0.0,0.0,0.0,False,1118436,False,False
tipofmytongue,0.0,0.0,0.0,0.0,False,521919,False,False
nfl,0.0,0.0,0.0,0.0,False,858913,False,False
ps4,0.0,0.0,0.0,0.0,False,1264582,False,True
playrust,0.0,0.0,0.0,0.0,False,90890,False,True
dnd,0.0,0.0,0.0,0.0,False,741095,False,True
books,0.0,0.0,0.0,0.0,False,15283287,False,True
fireemblemheroes,0.0,0.0,0.0,0.0,False,120582,False,True
starwars,0.0,0.0,0.0,0.0,False,942988,False,False
darksouls3,0.0,0.0,0.0,0.0,False,211073,False,False
hockey,0.0,0.0,0.0,0.0,False,676399,False,False
apple,0.0,0.0,0.0,0.0,False,853992,False,True
exmormon,0.0,0.0,0.0,0.0,False,96853,False,True
ffxiv,0.0,0.0,0.0,0.0,False,191441,False,True
cringeanarchy,0.0,0.0,0.0,0.0,False,0,False,False
rupaulsdragrace,0.0,0.0,0.0,0.0,False,198370,False,True
breath_of_the_wild,0.0,0.0,0.0,0.0,False,244593,False,True
eu4,0.0,0.0,0.0,0.0,False,109796,False,False
funkopop,0.0,0.0,0.0,0.0,False,74803,False,True
imagesofcalifornia,0.0,0.0,0.0,0.0,False,1886,False,False
blackdesertonline,0.0,0.0,0.0,0.0,False,86185,False,True
sports_undelete,0.0,0.0,0.0,0.0,False,113,False,False
newsokur,0.0,0.0,0.0,0.0,False,22281,False,False
space,0.0,0.0,0.0,0.0,False,14497759,False,False
imagesoftexas,0.0,0.0,0.0,0.0,False,1706,False,False
imgoingtohellforthis,0.0,0.0,0.0,0.0,False,826710,False,False
lsd,0.0,0.0,0.0,0.0,False,186596,False,True
whowouldwin,0.0,0.0,0.0,0.0,False,226658,False,False
opiates,0.0,0.0,0.0,0.0,False,62583,False,False
kappa,0.0,0.0,0.0,0.0,False,68475,False,True
the_donald_discuss,0.0,0.0,0.0,0.0,False,824,False,False
atheism,0.0,0.0,0.0,0.0,False,2237826,False,False
christianity,0.0,0.0,0.0,0.0,False,164086,False,True
supremeclothing,0.0,0.0,0.0,0.0,False,122738,False,True
dc_cinematic,0.0,0.0,0.0,0.0,False,115655,False,True
3dprinting,0.0,0.0,0.0,0.0,False,230403,False,False
baseball,0.0,0.0,0.0,0.0,False,817544,False,True
horizon,0.0,0.0,0.0,0.0,False,69327,False,False
gwent,0.0,0.0,0.0,0.0,False,68958,False,True
interestingasfuck,0.0,0.0,0.0,0.0,False,2714975,False,False
circlejerk,0.0,0.0,0.0,0.0,False,321181,False,False
cricket,0.0,0.0,0.0,0.0,False,83571,False,False
webdev,0.0,0.0,0.0,0.0,False,265026,False,False
steam,0.0,0.0,0.0,0.0,False,539890,False,True
codzombies,0.0,0.0,0.0,0.0,False,134856,False,True
playark,0.0,0.0,0.0,0.0,False,42097,False,True
sandersforpresident,0.0,0.0,0.0,0.0,False,213262,False,True
subaru,0.0,0.0,0.0,0.0,False,110719,False,True
libertarian,0.0,0.0,0.0,0.0,False,248756,False,False
dataisbeautiful,0.0,0.0,0.0,0.0,False,13435251,False,False
warhammer40k,0.0,0.0,0.0,0.0,False,92785,False,False
marvelstudios,0.0,0.0,0.0,0.0,False,531927,False,True
islam,0.0,0.0,0.0,0.0,False,59615,False,False
fountainpens,0.0,0.0,0.0,0.0,False,95126,False,True
brawlhalla,0.0,0.0,0.0,0.0,False,28926,False,True
gunners,0.0,0.0,0.0,0.0,False,102277,False,True
oddlysatisfying,0.0,0.0,0.0,0.0,False,2216037,False,False
twobestfriendsplay,0.0,0.0,0.0,0.0,False,50689,False,True
kotakuinaction,0.0,0.0,0.0,0.0,False,101585,False,False
latestagecapitalism,0.0,0.0,0.0,0.0,False,362317,False,False
copypasta,0.0,0.0,0.0,0.0,False,200328,False,True
socialism,0.0,0.0,0.0,0.0,False,157332,False,True
dccomics,0.0,0.0,0.0,0.0,False,198787,False,False
topmindsofreddit,0.0,0.0,0.0,0.0,False,115010,False,False
toronto,0.0,0.0,0.0,0.0,False,132448,False,False
headphones,0.0,0.0,0.0,0.0,False,184894,False,True
rimworld,0.0,0.0,0.0,0.0,False,107233,False,True
metacanada,0.0,0.0,0.0,0.0,False,21426,False,True
discordapp,0.0,0.0,0.0,0.0,False,150644,False,True
losangeles,0.0,0.0,0.0,0.0,False,126187,False,False
diepio,0.0,0.0,0.0,0.0,False,8826,False,True
vexillology,0.0,0.0,0.0,0.0,False,203807,False,True
electronicmusic,0.0,0.0,0.0,0.0,False,614721,False,True
raspberry_pi,0.0,0.0,0.0,0.0,False,670422,False,False
dundermifflin,0.0,0.0,0.0,0.0,False,741631,False,True
nvidia,0.0,0.0,0.0,0.0,False,118371,False,False
civ,0.0,0.0,0.0,0.0,False,245437,False,True
tennis,0.0,0.0,0.0,0.0,False,218001,False,True
weekendgunnit,0.0,0.0,0.0,0.0,False,51349,False,False
vainglorygame,0.0,0.0,0.0,0.0,False,24168,False,True
catalunya,0.0,0.0,0.0,0.0,False,2238,False,False
milliondollarextreme,0.0,0.0,0.0,0.0,False,0,False,False
askthe_donald,0.0,0.0,0.0,0.0,False,30418,False,False
airforce,0.0,0.0,0.0,0.0,False,73322,False,False
portland,0.0,0.0,0.0,0.0,False,108364,False,False
houston,0.0,0.0,0.0,0.0,False,94144,False,False
roblox,0.0,0.0,0.0,0.0,False,36700,False,False
melbourne,0.0,0.0,0.0,0.0,False,94565,False,True
sargonofakkad,0.0,0.0,0.0,0.0,False,21714,False,False
puertorico,0.0,0.0,0.0,0.0,False,9382,False,False
playstation,0.0,0.0,0.0,0.0,False,120279,False,False
aviation,0.0,0.0,0.0,0.0,False,318891,False,False
boston,0.0,0.0,0.0,0.0,False,100513,False,True
nyc,0.0,0.0,0.0,0.0,False,156333,False,True
fallout,0.0,0.0,0.0,0.0,False,502000,False,True
finalfantasy,0.0,0.0,0.0,0.0,False,116345,False,True
livestreamfail,0.0,0.0,0.0,0.0,False,340981,False,False
dayz,0.0,0.0,0.0,0.0,False,113830,False,True
indiaspeaks,0.0,0.0,0.0,0.0,False,16607,False,False
atlanta,0.0,0.0,0.0,0.0,False,86934,False,True
diablo3,0.0,0.0,0.0,0.0,False,127896,False,True
lgbt,0.0,0.0,0.0,0.0,False,252311,False,True
asoiaf,0.0,0.0,0.0,0.0,False,435783,False,True
townofsalemgame,0.0,0.0,0.0,0.0,False,29084,False,True
ethtrader,0.0,0.0,0.0,0.0,False,201248,False,True
indianews,0.0,0.0,0.0,0.0,False,16034,False,False
grandorder,0.0,0.0,0.0,0.0,False,68112,False,False
austin,0.0,0.0,0.0,0.0,False,106462,False,False
thesims,0.0,0.0,0.0,0.0,False,105658,False,True
stellaris,0.0,0.0,0.0,0.0,False,108801,False,True
bmw,0.0,0.0,0.0,0.0,False,79868,False,False
esist,0.0,0.0,0.0,0.0,False,110002,False,False
3dshacks,0.0,0.0,0.0,0.0,False,67296,False,False
army,0.0,0.0,0.0,0.0,False,72553,False,True
calgary,0.0,0.0,0.0,0.0,False,53457,False,True
china,0.0,0.0,0.0,0.0,False,79418,False,False
exmuslim,0.0,0.0,0.0,0.0,False,37244,False,True
arma,0.0,0.0,0.0,0.0,False,58561,False,False
vita,0.0,0.0,0.0,0.0,False,72072,False,True
dubai,0.0,0.0,0.0,0.0,False,19580,False,True
chelseafc,0.0,0.0,0.0,0.0,False,109334,False,False
synthesizers,0.0,0.0,0.0,0.0,False,75393,False,False
darksouls2,0.0,0.0,0.0,0.0,False,101176,False,False
google,0.0,0.0,0.0,0.0,False,446693,False,False
nyknicks,0.0,0.0,0.0,0.0,False,37038,False,True
jontron,0.0,0.0,0.0,0.0,False,91923,False,True
dank_meme,0.0,0.0,0.0,0.0,False,351084,False,False
barstoolsports,0.0,0.0,0.0,0.0,False,50396,False,False
giftofgames,0.0,0.0,0.0,0.0,False,56144,False,False
imagesofcolorado,0.0,0.0,0.0,0.0,False,1561,False,False
theydidthemath,0.0,0.0,0.0,0.0,False,362540,False,False
forhonorknights,0.0,0.0,0.0,0.0,False,28016,False,False
philadelphia,0.0,0.0,0.0,0.0,False,78767,False,True
heat,0.0,0.0,0.0,0.0,False,15388,False,True
gamegrumps,0.0,0.0,0.0,0.0,False,171118,False,True
arabs,0.0,0.0,0.0,0.0,False,13760,False,False
disney,0.0,0.0,0.0,0.0,False,131810,False,True
flightsim,0.0,0.0,0.0,0.0,False,40979,False,True
filthyfrank,0.0,0.0,0.0,0.0,False,64645,False,True
idubbbz,0.0,0.0,0.0,0.0,False,160342,False,True
clevelandcavs,0.0,0.0,0.0,0.0,False,37206,False,True
mlplounge,0.0,0.0,0.0,0.0,False,12972,False,True
classicalmusic,0.0,0.0,0.0,0.0,False,366366,False,False
ayymd,0.0,0.0,0.0,0.0,False,51386,False,True
cyberpunk,0.0,0.0,0.0,0.0,False,304522,False,True
seattle,0.0,0.0,0.0,0.0,False,135152,False,False
shitamericanssay,0.0,0.0,0.0,0.0,False,105739,False,False
steelers,0.0,0.0,0.0,0.0,False,39686,False,True
mountandblade,0.0,0.0,0.0,0.0,False,69797,False,True
shittyrainbow6,0.0,0.0,0.0,0.0,False,84866,False,False
overwatch_memes,0.0,0.0,0.0,0.0,False,110383,False,False
imagesofnewzealand,0.0,0.0,0.0,0.0,False,440,False,False
edmonton,0.0,0.0,0.0,0.0,False,32057,False,False
buddhism,0.0,0.0,0.0,0.0,False,153533,False,True
occult,0.0,0.0,0.0,0.0,False,92452,False,True
judaism,0.0,0.0,0.0,0.0,False,25088,False,False
windows,0.0,0.0,0.0,0.0,False,83629,False,False
dippingtobacco,0.0,0.0,0.0,0.0,False,13414,False,True
chicagobulls,0.0,0.0,0.0,0.0,False,42888,False,True
retrogaming,0.0,0.0,0.0,0.0,False,73091,False,True
2b2t,0.0,0.0,0.0,0.0,False,10957,False,True
oaklandraiders,0.0,0.0,0.0,0.0,False,20871,False,True
deepfriedmemes,0.0,0.0,0.0,0.0,False,524202,False,False
denver,0.0,0.0,0.0,0.0,False,79340,False,False
gamerghazi,0.0,0.0,0.0,0.0,False,18869,False,False
subnautica,0.0,0.0,0.0,0.0,False,54518,False,True
cowboys,0.0,0.0,0.0,0.0,False,41833,False,True
coys,0.0,0.0,0.0,0.0,False,35360,False,True
yiff,0.0,0.0,0.0,0.0,False,71520,False,True
northernireland,0.0,0.0,0.0,0.0,False,23465,False,True
eminem,0.0,0.0,0.0,0.0,False,66897,False,True
rainmeter,0.0,0.0,0.0,0.0,False,124738,False,True
fuckthealtright,0.0,0.0,0.0,0.0,False,98140,False,False
thunder,0.0,0.0,0.0,0.0,False,24448,False,True
redskins,0.0,0.0,0.0,0.0,False,21591,False,True
browns,0.0,0.0,0.0,0.0,False,33935,False,True
blink182,0.0,0.0,0.0,0.0,False,25410,False,True
gundam,0.0,0.0,0.0,0.0,False,39457,False,True
germany,0.0,0.0,0.0,0.0,False,78700,False,False
outrun,0.0,0.0,0.0,0.0,False,246840,False,True
paradoxplaza,0.0,0.0,0.0,0.0,False,88811,False,False
dallas,0.0,0.0,0.0,0.0,False,64305,False,False
baltimore,0.0,0.0,0.0,0.0,False,30175,False,False
nygiants,0.0,0.0,0.0,0.0,False,34260,False,False
sourcefed,0.0,0.0,0.0,0.0,False,35809,False,True
murica,0.0,0.0,0.0,0.0,False,277919,False,False
bannedfromthe_donald,0.0,0.0,0.0,0.0,False,27727,False,False
theweeknd,0.0,0.0,0.0,0.0,False,20855,False,True
rockets,0.0,0.0,0.0,0.0,False,36523,False,True
bdsmcommunity,0.0,0.0,0.0,0.0,False,106753,False,False
stalker,0.0,0.0,0.0,0.0,False,23499,False,False
traaaaaaannnnnnnnnns,0.0,0.0,0.0,0.0,False,59593,False,False
beatles,0.0,0.0,0.0,0.0,False,59172,False,False
california,0.0,0.0,0.0,0.0,False,73587,False,False
duelyst,0.0,0.0,0.0,0.0,False,14180,False,True
metallica,0.0,0.0,0.0,0.0,False,24216,False,False
pittsburgh,0.0,0.0,0.0,0.0,False,47092,False,True
doctorwho,0.0,0.0,0.0,0.0,False,316428,False,True
mkebucks,0.0,0.0,0.0,0.0,False,22135,False,False
thelastairbender,0.0,0.0,0.0,0.0,False,292802,False,True
pussypass,0.0,0.0,0.0,0.0,False,38799,False,False
bikinibottomtwitter,0.0,0.0,0.0,0.0,False,1159095,False,False
afl,0.0,0.0,0.0,0.0,False,37175,False,True
spaceengineers,0.0,0.0,0.0,0.0,False,40379,False,True
winnipeg,0.0,0.0,0.0,0.0,False,21582,False,False
photoshop,0.0,0.0,0.0,0.0,False,81152,False,False
electricforest,0.0,0.0,0.0,0.0,False,26762,False,False
ukraina,0.0,0.0,0.0,0.0,False,34392,False,False
linux_gaming,0.0,0.0,0.0,0.0,False,76015,False,False
colts,0.0,0.0,0.0,0.0,False,17055,False,False
doom,0.0,0.0,0.0,0.0,False,52183,False,True
communism,0.0,0.0,0.0,0.0,False,68944,False,False
ooer,0.0,0.0,0.0,0.0,False,118238,False,True
firefox,0.0,0.0,0.0,0.0,False,54247,False,True
torontobluejays,0.0,0.0,0.0,0.0,False,38550,False,False
pka,0.0,0.0,0.0,0.0,False,37626,False,False
greenday,0.0,0.0,0.0,0.0,False,20061,False,True
hailcorporate,0.0,0.0,0.0,0.0,False,145199,False,False
imagesoftennessee,0.0,0.0,0.0,0.0,False,234,False,False
barca,0.0,0.0,0.0,0.0,False,36643,False,True
columbus,0.0,0.0,0.0,0.0,False,33601,False,False
kansascity,0.0,0.0,0.0,0.0,False,31178,False,False
bombing,0.0,0.0,0.0,0.0,False,34422,False,True
rawdenim,0.0,0.0,0.0,0.0,False,56424,False,False
digimon,0.0,0.0,0.0,0.0,False,28131,False,True
timberwolves,0.0,0.0,0.0,0.0,False,22339,False,True
shingekinokyojin,0.0,0.0,0.0,0.0,False,106161,False,True
hardstyle,0.0,0.0,0.0,0.0,False,19590,False,True
mcfc,0.0,0.0,0.0,0.0,False,34124,False,True
northernlion,0.0,0.0,0.0,0.0,False,35078,False,False
toontown,0.0,0.0,0.0,0.0,False,10188,False,False
ottawasenators,0.0,0.0,0.0,0.0,False,10101,False,False
lotr,0.0,0.0,0.0,0.0,False,239574,False,True
chancetherapper,0.0,0.0,0.0,0.0,False,24351,False,False
goldandblack,0.0,0.0,0.0,0.0,False,21398,False,True
thelastofus,0.0,0.0,0.0,0.0,False,52374,False,True
atlantahawks,0.0,0.0,0.0,0.0,False,12402,False,False
saints,0.0,0.0,0.0,0.0,False,20157,False,False
devoted,0.0,0.0,0.0,0.0,False,1510,False,True
umd,0.0,0.0,0.0,0.0,False,13065,False,True
halflife,0.0,0.0,0.0,0.0,False,50104,False,True
detroit,0.0,0.0,0.0,0.0,False,29740,False,False
morrowind,0.0,0.0,0.0,0.0,False,37512,False,True
pinkfloyd,0.0,0.0,0.0,0.0,False,52239,False,False
breakingbad,0.0,0.0,0.0,0.0,False,498840,False,False
community,0.0,0.0,0.0,0.0,False,181143,False,True
minnesota,0.0,0.0,0.0,0.0,False,55101,False,False
golang,0.0,0.0,0.0,0.0,False,56781,False,True
aleague,0.0,0.0,0.0,0.0,False,9431,False,False
devils,0.0,0.0,0.0,0.0,False,16158,False,True
panthers,0.0,0.0,0.0,0.0,False,22587,False,False
vzla,0.0,0.0,0.0,0.0,False,26505,False,False
casualuk,0.0,0.0,0.0,0.0,False,222823,False,False
linuxmasterrace,0.0,0.0,0.0,0.0,False,96263,False,False
godzilla,0.0,0.0,0.0,0.0,False,31442,False,True
atlantaunited,0.0,0.0,0.0,0.0,False,14221,False,True
kancolle,0.0,0.0,0.0,0.0,False,16683,False,True
newyorkmets,0.0,0.0,0.0,0.0,False,20499,False,True
ainbow,0.0,0.0,0.0,0.0,False,83861,False,False
flatearth,0.0,0.0,0.0,0.0,False,22931,False,False
jaguars,0.0,0.0,0.0,0.0,False,16608,False,True
kansascitychiefs,0.0,0.0,0.0,0.0,False,25249,False,True
nepal,0.0,0.0,0.0,0.0,False,8046,False,True
node,0.0,0.0,0.0,0.0,False,81820,False,False
ucsd,0.0,0.0,0.0,0.0,False,17498,False,True
trebuchetmemes,0.0,0.0,0.0,0.0,False,209687,False,True
buccaneers,0.0,0.0,0.0,0.0,False,11697,False,False
tennesseetitans,0.0,0.0,0.0,0.0,False,13464,False,True
cfbofftopic,0.0,0.0,0.0,0.0,False,3341,False,False
bassnectar,0.0,0.0,0.0,0.0,False,17367,False,False
crusadersquest,0.0,0.0,0.0,0.0,False,9023,False,True
tampa,0.0,0.0,0.0,0.0,False,28827,False,False
deathgrips,0.0,0.0,0.0,0.0,False,52530,False,True
usa,0.0,0.0,0.0,0.0,False,11408,False,False
hawaii,0.0,0.0,0.0,0.0,False,27561,False,True
robocraft,0.0,0.0,0.0,0.0,False,7995,False,True
evangelion,0.0,0.0,0.0,0.0,False,41902,False,False
sneks,0.0,0.0,0.0,0.0,False,176945,False,True
avengedsevenfold,0.0,0.0,0.0,0.0,False,12722,False,False
teamsolomid,0.0,0.0,0.0,0.0,False,40848,False,False
hollowknight,0.0,0.0,0.0,0.0,False,35092,False,True
birmingham,0.0,0.0,0.0,0.0,False,17352,False,True
transgender,0.0,0.0,0.0,0.0,False,58091,False,False
sanjosesharks,0.0,0.0,0.0,0.0,False,21449,False,True
redsox,0.0,0.0,0.0,0.0,False,49067,False,True
thedonald,0.0,0.0,0.0,0.0,False,27261,False,False
michigan,0.0,0.0,0.0,0.0,False,52963,False,False
defenders,0.0,0.0,0.0,0.0,False,78897,False,True
nyyankees,0.0,0.0,0.0,0.0,False,28718,False,True
rct,0.0,0.0,0.0,0.0,False,30407,False,False
seinfeld,0.0,0.0,0.0,0.0,False,99486,False,True
bobsburgers,0.0,0.0,0.0,0.0,False,130046,False,True
asu,0.0,0.0,0.0,0.0,False,11327,False,True
rivalsofaether,0.0,0.0,0.0,0.0,False,15771,False,True
happytrees,0.0,0.0,0.0,0.0,False,28031,False,True
gmod,0.0,0.0,0.0,0.0,False,20504,False,False
caps,0.0,0.0,0.0,0.0,False,19996,False,False
mrrobot,0.0,0.0,0.0,0.0,False,137858,False,False
randomactsofcsgo,0.0,0.0,0.0,0.0,False,23008,False,False
heroesandgenerals,0.0,0.0,0.0,0.0,False,7014,False,True
mcpe,0.0,0.0,0.0,0.0,False,12939,False,False
nerdcubed,0.0,0.0,0.0,0.0,False,38516,False,True
team_liquid,0.0,0.0,0.0,0.0,False,4336,False,True
debatefascism,0.0,0.0,0.0,0.0,False,14853,False,False
9b9t,0.0,0.0,0.0,0.0,False,856,False,False
dodgers,0.0,0.0,0.0,0.0,False,31006,False,True
archerfx,0.0,0.0,0.0,0.0,False,214191,False,True
oregon,0.0,0.0,0.0,0.0,False,28909,False,False
newyorkislanders,0.0,0.0,0.0,0.0,False,16387,False,True
bojackhorseman,0.0,0.0,0.0,0.0,False,200646,False,True
animalcollective,0.0,0.0,0.0,0.0,False,9394,False,True
wisconsin,0.0,0.0,0.0,0.0,False,27403,False,False
freemasonry,0.0,0.0,0.0,0.0,False,16976,False,False
albuquerque,0.0,0.0,0.0,0.0,False,11899,False,True
ucla,0.0,0.0,0.0,0.0,False,12466,False,True
arcticmonkeys,0.0,0.0,0.0,0.0,False,35957,False,False
kendricklamar,0.0,0.0,0.0,0.0,False,88492,False,False
coloradoavalanche,0.0,0.0,0.0,0.0,False,13261,False,False
bioshock,0.0,0.0,0.0,0.0,False,61516,False,True
adultswim,0.0,0.0,0.0,0.0,False,42301,False,True
crashbandicoot,0.0,0.0,0.0,0.0,False,19772,False,True
dogecoin,0.0,0.0,0.0,0.0,False,125693,False,False
knightsofpineapple,0.0,0.0,0.0,0.0,False,46295,False,True
deadmau5,0.0,0.0,0.0,0.0,False,23349,False,True
wot,0.0,0.0,0.0,0.0,False,31601,False,False
hammers,0.0,0.0,0.0,0.0,False,7641,False,False
surrealmemes,0.0,0.0,0.0,0.0,False,397319,False,True
sfgiants,0.0,0.0,0.0,0.0,False,26534,False,True
canes,0.0,0.0,0.0,0.0,False,10086,False,True
manyatruenerd,0.0,0.0,0.0,0.0,False,12878,False,True
beekeeping,0.0,0.0,0.0,0.0,False,43556,False,True
iranian,0.0,0.0,0.0,0.0,False,3811,False,False
beadsprites,0.0,0.0,0.0,0.0,False,22268,False,False
chivalrygame,0.0,0.0,0.0,0.0,False,9499,False,True
nazi,0.0,0.0,0.0,0.0,False,0,False,True
hiphopimages,0.0,0.0,0.0,0.0,False,67921,False,False
dcss,0.0,0.0,0.0,0.0,False,4977,False,True
pinkfloydcirclejerk,0.0,0.0,0.0,0.0,False,5472,False,False
evilleagueofevil,0.0,0.0,0.0,0.0,False,17251,False,False
ucdavis,0.0,0.0,0.0,0.0,False,7786,False,True
steinsgate,0.0,0.0,0.0,0.0,False,29297,False,True
civex,0.0,0.0,0.0,0.0,False,1066,False,True
ucsc,0.0,0.0,0.0,0.0,False,8157,False,True
barcelona,0.0,0.0,0.0,0.0,False,10673,False,False
rocirclejerk,0.0,0.0,0.0,0.0,False,2353,False,False
ingress,0.0,0.0,0.0,0.0,False,37683,False,True
astros,0.0,0.0,0.0,0.0,False,20165,False,False
kidcudi,0.0,0.0,0.0,0.0,False,25416,False,True
emacs,0.0,0.0,0.0,0.0,False,24160,False,True
themassive,0.0,0.0,0.0,0.0,False,4765,False,True
rolltide,0.0,0.0,0.0,0.0,False,10228,False,True
snes,0.0,0.0,0.0,0.0,False,43001,False,True
jhinmains,0.0,0.0,0.0,0.0,False,12212,False,True
indycar,0.0,0.0,0.0,0.0,False,16217,False,True
ghost_in_the_shell,0.0,0.0,0.0,0.0,False,10168,False,True
fcbayern,0.0,0.0,0.0,0.0,False,16045,False,True
datguylirik,0.0,0.0,0.0,0.0,False,29714,False,False
teemotalk,0.0,0.0,0.0,0.0,False,5744,False,True
lanadelrey,0.0,0.0,0.0,0.0,False,18911,False,True
litecoin,0.0,0.0,0.0,0.0,False,198502,False,True
dancegavindance,0.0,0.0,0.0,0.0,False,10655,False,False
beachcity,0.0,0.0,0.0,0.0,False,20723,False,True
hotlinemiami,0.0,0.0,0.0,0.0,False,17761,False,False
spacexlounge,0.0,0.0,0.0,0.0,False,19201,False,False
healsluts,0.0,0.0,0.0,0.0,False,25606,False,False
robotwars,0.0,0.0,0.0,0.0,False,9023,False,True
lisathepainfulrpg,0.0,0.0,0.0,0.0,False,3062,False,True
azcardinals,0.0,0.0,0.0,0.0,False,16576,False,True
thestrokes,0.0,0.0,0.0,0.0,False,16707,False,True
uconn,0.0,0.0,0.0,0.0,False,5964,False,True
pixeldungeon,0.0,0.0,0.0,0.0,False,8996,False,False
androidcirclejerk,0.0,0.0,0.0,0.0,False,14952,False,True
bannedfromclubpenguin,0.0,0.0,0.0,0.0,False,73708,False,False
dotamasterrace,0.0,0.0,0.0,0.0,False,10388,False,True
phillies,0.0,0.0,0.0,0.0,False,18697,False,True
whitesox,0.0,0.0,0.0,0.0,False,9819,False,True
delaware,0.0,0.0,0.0,0.0,False,8908,False,True
acmilan,0.0,0.0,0.0,0.0,False,9456,False,False
unt,0.0,0.0,0.0,0.0,False,6115,False,False
deadpool,0.0,0.0,0.0,0.0,False,54130,False,True
pennstateuniversity,0.0,0.0,0.0,0.0,False,10390,False,True
wahoostipi,0.0,0.0,0.0,0.0,False,14286,False,True
soundersfc,0.0,0.0,0.0,0.0,False,9063,False,True
longhornnation,0.0,0.0,0.0,0.0,False,9933,False,True
thedarktower,0.0,0.0,0.0,0.0,False,25148,False,False
huskers,0.0,0.0,0.0,0.0,False,11199,False,True
kekistan,0.0,0.0,0.0,0.0,False,12986,False,True
ncsu,0.0,0.0,0.0,0.0,False,7097,False,True
reds,0.0,0.0,0.0,0.0,False,10125,False,False
onetruegod,0.0,0.0,0.0,0.0,False,117523,False,True
megumin,0.0,0.0,0.0,0.0,False,39633,False,True
ockytop,0.0,0.0,0.0,0.0,False,10302,False,True
tampabayrays,0.0,0.0,0.0,0.0,False,4787,False,True
uwmadison,0.0,0.0,0.0,0.0,False,7609,False,False
aphextwin,0.0,0.0,0.0,0.0,False,10582,False,True
padres,0.0,0.0,0.0,0.0,False,6310,False,False
uga,0.0,0.0,0.0,0.0,False,8589,False,True
morocco,0.0,0.0,0.0,0.0,False,5583,False,True
theericandreshow,0.0,0.0,0.0,0.0,False,31762,False,True
fortcollins,0.0,0.0,0.0,0.0,False,9253,False,True
razorbacks,0.0,0.0,0.0,0.0,False,4566,False,True
swanseacity,0.0,0.0,0.0,0.0,False,2737,False,True
shovelknight,0.0,0.0,0.0,0.0,False,8697,False,True
fsu,0.0,0.0,0.0,0.0,False,7181,False,False
newfoundland,0.0,0.0,0.0,0.0,False,7703,False,True
cambodia,0.0,0.0,0.0,0.0,False,3883,False,True
fullmetalalchemist,0.0,0.0,0.0,0.0,False,33616,False,True
imaginedragons,0.0,0.0,0.0,0.0,False,7546,False,True
dragonmaid,0.0,0.0,0.0,0.0,False,11893,False,True
vintageapple,0.0,0.0,0.0,0.0,False,8774,False,True
clemson,0.0,0.0,0.0,0.0,False,5945,False,True
zeroescape,0.0,0.0,0.0,0.0,False,7055,False,False
usc,0.0,0.0,0.0,0.0,False,6717,False,False
harambe,0.0,0.0,0.0,0.0,False,21691,False,False
pornhub,0.0,0.0,0.0,0.0,False,17167,False,False
bioniclelego,0.0,0.0,0.0,0.0,False,9505,False,True
discworld,0.0,0.0,0.0,0.0,False,24909,False,True
xkcd,0.0,0.0,0.0,0.0,False,110141,False,True
boardsofcanada,0.0,0.0,0.0,0.0,False,7211,False,True
modestmouse,0.0,0.0,0.0,0.0,False,13339,False,True
vaynemains,0.0,0.0,0.0,0.0,False,5657,False,True
symmetramains,0.0,0.0,0.0,0.0,False,5338,False,True
stepmania,0.0,0.0,0.0,0.0,False,4701,False,True
madeofstyrofoam,0.0,0.0,0.0,0.0,False,5127,False,True
tennessee,0.0,0.0,0.0,0.0,False,11657,False,False
nightvale,0.0,0.0,0.0,0.0,False,29298,False,True
ashens,0.0,0.0,0.0,0.0,False,17399,False,True
indianauniversity,0.0,0.0,0.0,0.0,False,5426,False,False
michiganwolverines,0.0,0.0,0.0,0.0,False,10691,False,False
ratchetandclank,0.0,0.0,0.0,0.0,False,8144,False,True
octobersveryown,0.0,0.0,0.0,0.0,False,4333,False,True
jacksfilms,0.0,0.0,0.0,0.0,False,30014,False,True
paramore,0.0,0.0,0.0,0.0,False,12181,False,True
usf,0.0,0.0,0.0,0.0,False,4354,False,True
srilanka,0.0,0.0,0.0,0.0,False,3510,False,False
coalitionagainstevil,0.0,0.0,0.0,0.0,False,1614,False,True
spyro,0.0,0.0,0.0,0.0,False,13472,False,False
cascadia,0.0,0.0,0.0,0.0,False,13599,False,True
pitchforkemporium,0.0,0.0,0.0,0.0,False,35161,False,True
disgaea,0.0,0.0,0.0,0.0,False,8719,False,False
rollercoasterjerk,0.0,0.0,0.0,0.0,False,1178,False,True
schalke04,0.0,0.0,0.0,0.0,False,1811,False,False
fsusports,0.0,0.0,0.0,0.0,False,3089,False,True
karmacourt,0.0,0.0,0.0,0.0,False,134473,False,False
algeria,0.0,0.0,0.0,0.0,False,1922,False,True
harvard,0.0,0.0,0.0,0.0,False,4556,False,True
sabaton,0.0,0.0,0.0,0.0,False,9074,False,True
vimains,0.0,0.0,0.0,0.0,False,2509,False,True
cleanloli,0.0,0.0,0.0,0.0,False,4134,False,False
ecuador,0.0,0.0,0.0,0.0,False,7818,False,True
izlam,0.0,0.0,0.0,0.0,False,33196,False,True
sufjan,0.0,0.0,0.0,0.0,False,8003,False,True
systemofadown,0.0,0.0,0.0,0.0,False,5080,False,False
fiu,0.0,0.0,0.0,0.0,False,2035,False,True
zoophilia,0.0,0.0,0.0,0.0,False,0,False,False
georgiabulldogs,0.0,0.0,0.0,0.0,False,5851,False,True
takecareofmyplant,0.0,0.0,0.0,0.0,False,8944,False,True
led_zeppelin,0.0,0.0,0.0,0.0,False,10637,False,True
belgica,0.0,0.0,0.0,0.0,False,3083,False,False
dickbutt,0.0,0.0,0.0,0.0,False,14639,False,True
bacon,0.0,0.0,0.0,0.0,False,22545,False,False
gurrenlagann,0.0,0.0,0.0,0.0,False,11042,False,True
uofu,0.0,0.0,0.0,0.0,False,2978,False,True
santafe,0.0,0.0,0.0,0.0,False,1987,False,False
autechre,0.0,0.0,0.0,0.0,False,2171,False,True
jayhawks,0.0,0.0,0.0,0.0,False,3457,False,True
reclaimtheholyland,0.0,0.0,0.0,0.0,False,9983,False,False
finlandconspiracy,0.0,0.0,0.0,0.0,False,23964,False,False
logic_301,0.0,0.0,0.0,0.0,False,18110,False,True
nomorebamboozles,0.0,0.0,0.0,0.0,False,8438,False,False
indianahoosiers,0.0,0.0,0.0,0.0,False,2601,False,True
phineasandferb,0.0,0.0,0.0,0.0,False,2781,False,True
utk,0.0,0.0,0.0,0.0,False,3591,False,False
doge,0.0,0.0,0.0,0.0,False,31226,False,True
nekoparagame,0.0,0.0,0.0,0.0,False,3749,False,False
cubs,0.0,0.0,0.0,0.0,False,16510,False,False
nichijou,0.0,0.0,0.0,0.0,False,4790,False,True
goldensun,0.0,0.0,0.0,0.0,False,4740,False,True
chvrches,0.0,0.0,0.0,0.0,False,5664,False,True
apolloapp,0.0,0.0,0.0,0.0,False,196498,False,True
yerbamate,0.0,0.0,0.0,0.0,False,2077,False,False
thebiglezshow,0.0,0.0,0.0,0.0,False,5046,False,True
ohiostatefootball,0.0,0.0,0.0,0.0,False,10458,False,True
advance_wars,0.0,0.0,0.0,0.0,False,2824,False,False
fhict,0.0,0.0,0.0,0.0,False,566,False,True
sia,0.0,0.0,0.0,0.0,False,1496,False,False
myst,0.0,0.0,0.0,0.0,False,3252,False,True
idolmaster,0.0,0.0,0.0,0.0,False,3305,False,False
elgoonishshive,0.0,0.0,0.0,0.0,False,1168,False,False
bolivia,0.0,0.0,0.0,0.0,False,1651,False,True
tachanka,0.0,0.0,0.0,0.0,False,7153,False,True
neutralmilkhotel,0.0,0.0,0.0,0.0,False,3692,False,False
trendingsubreddits,0.0,0.0,0.0,0.0,False,41604,False,False
doormonster,0.0,0.0,0.0,0.0,False,2716,False,True
wvu,0.0,0.0,0.0,0.0,False,3156,False,True
theminutehour,0.0,0.0,0.0,0.0,False,300,False,True
byu,0.0,0.0,0.0,0.0,False,1837,False,True
catteambrotherhood,0.0,0.0,0.0,0.0,False,4137,False,False
agender,0.0,0.0,0.0,0.0,False,3755,False,True
shibbysays,0.0,0.0,0.0,0.0,False,7561,False,False
fsm,0.0,0.0,0.0,0.0,False,6330,False,True
inglin,0.0,0.0,0.0,0.0,False,14715,False,False
merica,0.0,0.0,0.0,0.0,False,0,False,False
thomaspynchon,0.0,0.0,0.0,0.0,False,2017,False,True
offthegame,0.0,0.0,0.0,0.0,False,1130,False,True
gonzaga,0.0,0.0,0.0,0.0,False,796,False,False
strasbourg,0.0,0.0,0.0,0.0,False,1008,False,False
avasdemon,0.0,0.0,0.0,0.0,False,2439,False,True
fidlar,0.0,0.0,0.0,0.0,False,1959,False,True
nenes,0.0,0.0,0.0,0.0,False,934,False,False
retsupurae,0.0,0.0,0.0,0.0,False,1655,False,False
pacman,0.0,0.0,0.0,0.0,False,502,False,False
mountaineers,0.0,0.0,0.0,0.0,False,1577,False,False
velvetunderground,0.0,0.0,0.0,0.0,False,1681,False,False
monotonetim,0.0,0.0,0.0,0.0,False,475,False,True
kyle,0.0,0.0,0.0,0.0,False,1837,False,False
supermeatboy,0.0,0.0,0.0,0.0,False,952,False,False
umiami,0.0,0.0,0.0,0.0,False,1010,False,False
neongenesisevangelion,0.0,0.0,0.0,0.0,False,2868,False,False
periwinkle,0.0,0.0,0.0,0.0,False,5727,False,False
orangered,0.0,0.0,0.0,0.0,False,6173,False,True
flaggyflag,0.0,0.0,0.0,0.0,False,1091,False,False
thicc,0.0,0.0,0.0,0.0,False,2414,False,False
bunningsnags,0.0,0.0,0.0,0.0,False,294,False,False
boldandbrash,0.0,0.0,0.0,0.0,False,380,False,False
ohiostate,0.0,0.0,0.0,0.0,False,627,False,False
roninattheedgeoftime,0.0,0.0,0.0,0.0,False,585,False,False
hawkeyes,0.0,0.0,0.0,0.0,False,643,False,False
tau,0.0,0.0,0.0,0.0,False,139,False,False
